[
    {
        "model": "admin.logentry",
        "pk": 1,
        "fields": {
            "action_time": "2023-03-13T15:08:16.313Z",
            "user": 1,
            "content_type": 6,
            "object_id": "1",
            "object_repr": "Property object (1)",
            "action_flag": 2,
            "change_message": "[{\"changed\": {\"fields\": [\"Address\", \"City\", \"Country\"]}}]"
        }
    },
    {
        "model": "admin.logentry",
        "pk": 2,
        "fields": {
            "action_time": "2023-03-13T22:18:58.912Z",
            "user": 1,
            "content_type": 13,
            "object_id": "3",
            "object_repr": "Reservation object (3)",
            "action_flag": 1,
            "change_message": "[{\"added\": {}}]"
        }
    },
    {
        "model": "admin.logentry",
        "pk": 3,
        "fields": {
            "action_time": "2023-03-13T22:22:24.469Z",
            "user": 1,
            "content_type": 13,
            "object_id": "3",
            "object_repr": "Reservation object (3)",
            "action_flag": 2,
            "change_message": "[{\"changed\": {\"fields\": [\"Status\", \"Property\", \"Start date\", \"End date\"]}}]"
        }
    },
    {
        "model": "admin.logentry",
        "pk": 4,
        "fields": {
            "action_time": "2023-03-13T22:23:08.313Z",
            "user": 1,
            "content_type": 13,
            "object_id": "4",
            "object_repr": "Reservation object (4)",
            "action_flag": 1,
            "change_message": "[{\"added\": {}}]"
        }
    },
    {
        "model": "admin.logentry",
        "pk": 5,
        "fields": {
            "action_time": "2023-03-13T22:23:44.322Z",
            "user": 1,
            "content_type": 13,
            "object_id": "5",
            "object_repr": "Reservation object (5)",
            "action_flag": 1,
            "change_message": "[{\"added\": {}}]"
        }
    },
    {
        "model": "admin.logentry",
        "pk": 6,
        "fields": {
            "action_time": "2023-03-13T22:24:36.316Z",
            "user": 1,
            "content_type": 13,
            "object_id": "6",
            "object_repr": "Reservation object (6)",
            "action_flag": 1,
            "change_message": "[{\"added\": {}}]"
        }
    },
    {
        "model": "admin.logentry",
        "pk": 7,
        "fields": {
            "action_time": "2023-03-13T22:25:03.483Z",
            "user": 1,
            "content_type": 13,
            "object_id": "7",
            "object_repr": "Reservation object (7)",
            "action_flag": 1,
            "change_message": "[{\"added\": {}}]"
        }
    },
    {
        "model": "admin.logentry",
        "pk": 8,
        "fields": {
            "action_time": "2023-03-13T22:25:33.209Z",
            "user": 1,
            "content_type": 13,
            "object_id": "8",
            "object_repr": "Reservation object (8)",
            "action_flag": 1,
            "change_message": "[{\"added\": {}}]"
        }
    },
    {
        "model": "admin.logentry",
        "pk": 9,
        "fields": {
            "action_time": "2023-03-13T22:26:05.564Z",
            "user": 1,
            "content_type": 13,
            "object_id": "9",
            "object_repr": "Reservation object (9)",
            "action_flag": 1,
            "change_message": "[{\"added\": {}}]"
        }
    },
    {
        "model": "admin.logentry",
        "pk": 10,
        "fields": {
            "action_time": "2023-03-13T22:27:05.470Z",
            "user": 1,
            "content_type": 13,
            "object_id": "10",
            "object_repr": "Reservation object (10)",
            "action_flag": 1,
            "change_message": "[{\"added\": {}}]"
        }
    },
    {
        "model": "admin.logentry",
        "pk": 11,
        "fields": {
            "action_time": "2023-03-13T22:27:24.502Z",
            "user": 1,
            "content_type": 13,
            "object_id": "11",
            "object_repr": "Reservation object (11)",
            "action_flag": 1,
            "change_message": "[{\"added\": {}}]"
        }
    },
    {
        "model": "admin.logentry",
        "pk": 12,
        "fields": {
            "action_time": "2023-03-13T22:27:36.945Z",
            "user": 1,
            "content_type": 13,
            "object_id": "12",
            "object_repr": "Reservation object (12)",
            "action_flag": 1,
            "change_message": "[{\"added\": {}}]"
        }
    },
    {
        "model": "admin.logentry",
        "pk": 13,
        "fields": {
            "action_time": "2023-03-13T22:27:54.641Z",
            "user": 1,
            "content_type": 13,
            "object_id": "13",
            "object_repr": "Reservation object (13)",
            "action_flag": 1,
            "change_message": "[{\"added\": {}}]"
        }
    },
    {
        "model": "admin.logentry",
        "pk": 14,
        "fields": {
            "action_time": "2023-03-13T22:28:16.737Z",
            "user": 1,
            "content_type": 13,
            "object_id": "14",
            "object_repr": "Reservation object (14)",
            "action_flag": 1,
            "change_message": "[{\"added\": {}}]"
        }
    },
    {
        "model": "admin.logentry",
        "pk": 15,
        "fields": {
            "action_time": "2023-03-13T22:28:31.807Z",
            "user": 1,
            "content_type": 13,
            "object_id": "15",
            "object_repr": "Reservation object (15)",
            "action_flag": 1,
            "change_message": "[{\"added\": {}}]"
        }
    },
    {
        "model": "admin.logentry",
        "pk": 16,
        "fields": {
            "action_time": "2023-03-13T22:28:55.145Z",
            "user": 1,
            "content_type": 13,
            "object_id": "16",
            "object_repr": "Reservation object (16)",
            "action_flag": 1,
            "change_message": "[{\"added\": {}}]"
        }
    },
    {
        "model": "admin.logentry",
        "pk": 17,
        "fields": {
            "action_time": "2023-03-13T22:29:14.614Z",
            "user": 1,
            "content_type": 13,
            "object_id": "17",
            "object_repr": "Reservation object (17)",
            "action_flag": 1,
            "change_message": "[{\"added\": {}}]"
        }
    },
    {
        "model": "admin.logentry",
        "pk": 18,
        "fields": {
            "action_time": "2023-03-13T22:29:35.727Z",
            "user": 1,
            "content_type": 13,
            "object_id": "18",
            "object_repr": "Reservation object (18)",
            "action_flag": 1,
            "change_message": "[{\"added\": {}}]"
        }
    },
    {
        "model": "admin.logentry",
        "pk": 19,
        "fields": {
            "action_time": "2023-03-13T22:52:50.171Z",
            "user": 1,
            "content_type": 13,
            "object_id": "19",
            "object_repr": "Reservation object (19)",
            "action_flag": 1,
            "change_message": "[{\"added\": {}}]"
        }
    },
    {
        "model": "admin.logentry",
        "pk": 20,
        "fields": {
            "action_time": "2023-03-13T22:53:16.055Z",
            "user": 1,
            "content_type": 13,
            "object_id": "20",
            "object_repr": "Reservation object (20)",
            "action_flag": 1,
            "change_message": "[{\"added\": {}}]"
        }
    },
    {
        "model": "admin.logentry",
        "pk": 21,
        "fields": {
            "action_time": "2023-03-13T22:53:56.091Z",
            "user": 1,
            "content_type": 13,
            "object_id": "21",
            "object_repr": "Reservation object (21)",
            "action_flag": 1,
            "change_message": "[{\"added\": {}}]"
        }
    },
    {
        "model": "admin.logentry",
        "pk": 22,
        "fields": {
            "action_time": "2023-03-13T22:54:18.028Z",
            "user": 1,
            "content_type": 13,
            "object_id": "22",
            "object_repr": "Reservation object (22)",
            "action_flag": 1,
            "change_message": "[{\"added\": {}}]"
        }
    },
    {
        "model": "admin.logentry",
        "pk": 23,
        "fields": {
            "action_time": "2023-03-13T22:55:58.333Z",
            "user": 1,
            "content_type": 13,
            "object_id": "23",
            "object_repr": "Reservation object (23)",
            "action_flag": 1,
            "change_message": "[{\"added\": {}}]"
        }
    },
    {
        "model": "admin.logentry",
        "pk": 24,
        "fields": {
            "action_time": "2023-03-13T22:56:23.395Z",
            "user": 1,
            "content_type": 13,
            "object_id": "24",
            "object_repr": "Reservation object (24)",
            "action_flag": 1,
            "change_message": "[{\"added\": {}}]"
        }
    },
    {
        "model": "admin.logentry",
        "pk": 25,
        "fields": {
            "action_time": "2023-03-15T03:52:08.823Z",
            "user": 1,
            "content_type": 7,
            "object_id": "3",
            "object_repr": "PropertyImages object (3)",
            "action_flag": 1,
            "change_message": "[{\"added\": {}}]"
        }
    },
    {
        "model": "admin.logentry",
        "pk": 26,
        "fields": {
            "action_time": "2023-03-15T03:53:28.383Z",
            "user": 1,
            "content_type": 7,
            "object_id": "3",
            "object_repr": "PropertyImages object (3)",
            "action_flag": 2,
            "change_message": "[]"
        }
    },
    {
        "model": "admin.logentry",
        "pk": 27,
        "fields": {
            "action_time": "2023-03-15T03:53:45.957Z",
            "user": 1,
            "content_type": 7,
            "object_id": "4",
            "object_repr": "PropertyImages object (4)",
            "action_flag": 1,
            "change_message": "[{\"added\": {}}]"
        }
    },
    {
        "model": "admin.logentry",
        "pk": 28,
        "fields": {
            "action_time": "2023-03-15T03:54:01.602Z",
            "user": 1,
            "content_type": 7,
            "object_id": "5",
            "object_repr": "PropertyImages object (5)",
            "action_flag": 1,
            "change_message": "[{\"added\": {}}]"
        }
    },
    {
        "model": "admin.logentry",
        "pk": 29,
        "fields": {
            "action_time": "2023-03-15T03:54:18.969Z",
            "user": 1,
            "content_type": 7,
            "object_id": "6",
            "object_repr": "PropertyImages object (6)",
            "action_flag": 1,
            "change_message": "[{\"added\": {}}]"
        }
    },
    {
        "model": "admin.logentry",
        "pk": 30,
        "fields": {
            "action_time": "2023-03-15T03:54:35.190Z",
            "user": 1,
            "content_type": 7,
            "object_id": "7",
            "object_repr": "PropertyImages object (7)",
            "action_flag": 1,
            "change_message": "[{\"added\": {}}]"
        }
    },
    {
        "model": "admin.logentry",
        "pk": 31,
        "fields": {
            "action_time": "2023-03-15T03:54:54.666Z",
            "user": 1,
            "content_type": 7,
            "object_id": "8",
            "object_repr": "PropertyImages object (8)",
            "action_flag": 1,
            "change_message": "[{\"added\": {}}]"
        }
    },
    {
        "model": "admin.logentry",
        "pk": 32,
        "fields": {
            "action_time": "2023-03-15T03:55:11.684Z",
            "user": 1,
            "content_type": 7,
            "object_id": "9",
            "object_repr": "PropertyImages object (9)",
            "action_flag": 1,
            "change_message": "[{\"added\": {}}]"
        }
    },
    {
        "model": "admin.logentry",
        "pk": 33,
        "fields": {
            "action_time": "2023-03-15T03:55:29.109Z",
            "user": 1,
            "content_type": 7,
            "object_id": "10",
            "object_repr": "PropertyImages object (10)",
            "action_flag": 1,
            "change_message": "[{\"added\": {}}]"
        }
    },
    {
        "model": "admin.logentry",
        "pk": 34,
        "fields": {
            "action_time": "2023-03-15T03:55:56.853Z",
            "user": 1,
            "content_type": 7,
            "object_id": "11",
            "object_repr": "PropertyImages object (11)",
            "action_flag": 1,
            "change_message": "[{\"added\": {}}]"
        }
    },
    {
        "model": "admin.logentry",
        "pk": 35,
        "fields": {
            "action_time": "2023-03-15T03:56:17.022Z",
            "user": 1,
            "content_type": 7,
            "object_id": "12",
            "object_repr": "PropertyImages object (12)",
            "action_flag": 1,
            "change_message": "[{\"added\": {}}]"
        }
    },
    {
        "model": "admin.logentry",
        "pk": 36,
        "fields": {
            "action_time": "2023-03-15T03:56:34.512Z",
            "user": 1,
            "content_type": 7,
            "object_id": "13",
            "object_repr": "PropertyImages object (13)",
            "action_flag": 1,
            "change_message": "[{\"added\": {}}]"
        }
    },
    {
        "model": "admin.logentry",
        "pk": 37,
        "fields": {
            "action_time": "2023-03-15T03:56:58.913Z",
            "user": 1,
            "content_type": 7,
            "object_id": "14",
            "object_repr": "PropertyImages object (14)",
            "action_flag": 1,
            "change_message": "[{\"added\": {}}]"
        }
    },
    {
        "model": "admin.logentry",
        "pk": 38,
        "fields": {
            "action_time": "2023-03-15T03:57:17.560Z",
            "user": 1,
            "content_type": 7,
            "object_id": "15",
            "object_repr": "PropertyImages object (15)",
            "action_flag": 1,
            "change_message": "[{\"added\": {}}]"
        }
    },
    {
        "model": "admin.logentry",
        "pk": 39,
        "fields": {
            "action_time": "2023-03-15T03:57:40.311Z",
            "user": 1,
            "content_type": 7,
            "object_id": "16",
            "object_repr": "PropertyImages object (16)",
            "action_flag": 1,
            "change_message": "[{\"added\": {}}]"
        }
    },
    {
        "model": "admin.logentry",
        "pk": 40,
        "fields": {
            "action_time": "2023-03-15T03:58:04.008Z",
            "user": 1,
            "content_type": 7,
            "object_id": "17",
            "object_repr": "PropertyImages object (17)",
            "action_flag": 1,
            "change_message": "[{\"added\": {}}]"
        }
    },
    {
        "model": "admin.logentry",
        "pk": 41,
        "fields": {
            "action_time": "2023-03-15T03:58:42.496Z",
            "user": 1,
            "content_type": 7,
            "object_id": "18",
            "object_repr": "PropertyImages object (18)",
            "action_flag": 1,
            "change_message": "[{\"added\": {}}]"
        }
    },
    {
        "model": "admin.logentry",
        "pk": 42,
        "fields": {
            "action_time": "2023-03-15T03:59:01.702Z",
            "user": 1,
            "content_type": 7,
            "object_id": "19",
            "object_repr": "PropertyImages object (19)",
            "action_flag": 1,
            "change_message": "[{\"added\": {}}]"
        }
    },
    {
        "model": "admin.logentry",
        "pk": 43,
        "fields": {
            "action_time": "2023-03-15T03:59:33.831Z",
            "user": 1,
            "content_type": 7,
            "object_id": "19",
            "object_repr": "PropertyImages object (19)",
            "action_flag": 2,
            "change_message": "[]"
        }
    },
    {
        "model": "admin.logentry",
        "pk": 44,
        "fields": {
            "action_time": "2023-03-15T03:59:55.648Z",
            "user": 1,
            "content_type": 7,
            "object_id": "20",
            "object_repr": "PropertyImages object (20)",
            "action_flag": 1,
            "change_message": "[{\"added\": {}}]"
        }
    },
    {
        "model": "admin.logentry",
        "pk": 45,
        "fields": {
            "action_time": "2023-03-15T04:00:12.679Z",
            "user": 1,
            "content_type": 7,
            "object_id": "21",
            "object_repr": "PropertyImages object (21)",
            "action_flag": 1,
            "change_message": "[{\"added\": {}}]"
        }
    },
    {
        "model": "admin.logentry",
        "pk": 46,
        "fields": {
            "action_time": "2023-03-15T04:00:38.051Z",
            "user": 1,
            "content_type": 6,
            "object_id": "27",
            "object_repr": "Property object (27)",
            "action_flag": 3,
            "change_message": ""
        }
    },
    {
        "model": "admin.logentry",
        "pk": 47,
        "fields": {
            "action_time": "2023-03-15T04:00:38.061Z",
            "user": 1,
            "content_type": 6,
            "object_id": "26",
            "object_repr": "Property object (26)",
            "action_flag": 3,
            "change_message": ""
        }
    },
    {
        "model": "admin.logentry",
        "pk": 48,
        "fields": {
            "action_time": "2023-03-15T04:00:38.073Z",
            "user": 1,
            "content_type": 6,
            "object_id": "25",
            "object_repr": "Property object (25)",
            "action_flag": 3,
            "change_message": ""
        }
    },
    {
        "model": "admin.logentry",
        "pk": 49,
        "fields": {
            "action_time": "2023-03-15T04:00:38.086Z",
            "user": 1,
            "content_type": 6,
            "object_id": "24",
            "object_repr": "Property object (24)",
            "action_flag": 3,
            "change_message": ""
        }
    },
    {
        "model": "admin.logentry",
        "pk": 50,
        "fields": {
            "action_time": "2023-03-15T04:00:38.096Z",
            "user": 1,
            "content_type": 6,
            "object_id": "23",
            "object_repr": "Property object (23)",
            "action_flag": 3,
            "change_message": ""
        }
    },
    {
        "model": "admin.logentry",
        "pk": 51,
        "fields": {
            "action_time": "2023-03-15T04:00:38.106Z",
            "user": 1,
            "content_type": 6,
            "object_id": "22",
            "object_repr": "Property object (22)",
            "action_flag": 3,
            "change_message": ""
        }
    },
    {
        "model": "admin.logentry",
        "pk": 52,
        "fields": {
            "action_time": "2023-03-15T04:00:38.117Z",
            "user": 1,
            "content_type": 6,
            "object_id": "21",
            "object_repr": "Property object (21)",
            "action_flag": 3,
            "change_message": ""
        }
    },
    {
        "model": "admin.logentry",
        "pk": 53,
        "fields": {
            "action_time": "2023-03-15T04:00:38.135Z",
            "user": 1,
            "content_type": 6,
            "object_id": "20",
            "object_repr": "Property object (20)",
            "action_flag": 3,
            "change_message": ""
        }
    },
    {
        "model": "admin.logentry",
        "pk": 54,
        "fields": {
            "action_time": "2023-03-15T04:00:38.147Z",
            "user": 1,
            "content_type": 6,
            "object_id": "19",
            "object_repr": "Property object (19)",
            "action_flag": 3,
            "change_message": ""
        }
    },
    {
        "model": "admin.logentry",
        "pk": 55,
        "fields": {
            "action_time": "2023-03-15T04:00:38.158Z",
            "user": 1,
            "content_type": 6,
            "object_id": "18",
            "object_repr": "Property object (18)",
            "action_flag": 3,
            "change_message": ""
        }
    },
    {
        "model": "admin.logentry",
        "pk": 56,
        "fields": {
            "action_time": "2023-03-15T04:00:38.171Z",
            "user": 1,
            "content_type": 6,
            "object_id": "17",
            "object_repr": "Property object (17)",
            "action_flag": 3,
            "change_message": ""
        }
    },
    {
        "model": "admin.logentry",
        "pk": 57,
        "fields": {
            "action_time": "2023-03-15T04:00:38.183Z",
            "user": 1,
            "content_type": 6,
            "object_id": "16",
            "object_repr": "Property object (16)",
            "action_flag": 3,
            "change_message": ""
        }
    },
    {
        "model": "admin.logentry",
        "pk": 58,
        "fields": {
            "action_time": "2023-03-15T04:01:17.940Z",
            "user": 1,
            "content_type": 6,
            "object_id": "1",
            "object_repr": "Property object (1)",
            "action_flag": 2,
            "change_message": "[]"
        }
    },
    {
        "model": "admin.logentry",
        "pk": 59,
        "fields": {
            "action_time": "2023-03-15T04:01:35.777Z",
            "user": 1,
            "content_type": 6,
            "object_id": "2",
            "object_repr": "Property object (2)",
            "action_flag": 2,
            "change_message": "[{\"changed\": {\"fields\": [\"Num bedrooms\", \"Num bathrooms\", \"Num guests\", \"Owner\"]}}]"
        }
    },
    {
        "model": "admin.logentry",
        "pk": 60,
        "fields": {
            "action_time": "2023-03-15T04:02:10.206Z",
            "user": 1,
            "content_type": 6,
            "object_id": "3",
            "object_repr": "Property object (3)",
            "action_flag": 2,
            "change_message": "[{\"changed\": {\"fields\": [\"Num bedrooms\", \"Num bathrooms\", \"Num guests\", \"Owner\"]}}]"
        }
    },
    {
        "model": "admin.logentry",
        "pk": 61,
        "fields": {
            "action_time": "2023-03-15T04:02:17.409Z",
            "user": 1,
            "content_type": 6,
            "object_id": "1",
            "object_repr": "Property object (1)",
            "action_flag": 2,
            "change_message": "[]"
        }
    },
    {
        "model": "admin.logentry",
        "pk": 62,
        "fields": {
            "action_time": "2023-03-15T04:02:27.730Z",
            "user": 1,
            "content_type": 6,
            "object_id": "2",
            "object_repr": "Property object (2)",
            "action_flag": 2,
            "change_message": "[{\"changed\": {\"fields\": [\"City\"]}}]"
        }
    },
    {
        "model": "admin.logentry",
        "pk": 63,
        "fields": {
            "action_time": "2023-03-15T04:02:36.071Z",
            "user": 1,
            "content_type": 6,
            "object_id": "3",
            "object_repr": "Property object (3)",
            "action_flag": 2,
            "change_message": "[{\"changed\": {\"fields\": [\"City\"]}}]"
        }
    },
    {
        "model": "admin.logentry",
        "pk": 64,
        "fields": {
            "action_time": "2023-03-15T04:02:55.077Z",
            "user": 1,
            "content_type": 6,
            "object_id": "4",
            "object_repr": "Property object (4)",
            "action_flag": 2,
            "change_message": "[{\"changed\": {\"fields\": [\"City\", \"Num bedrooms\", \"Num bathrooms\", \"Num guests\", \"Owner\"]}}]"
        }
    },
    {
        "model": "admin.logentry",
        "pk": 65,
        "fields": {
            "action_time": "2023-03-15T04:03:27.602Z",
            "user": 1,
            "content_type": 6,
            "object_id": "5",
            "object_repr": "Property object (5)",
            "action_flag": 2,
            "change_message": "[{\"changed\": {\"fields\": [\"City\", \"Num bedrooms\", \"Num bathrooms\", \"Num guests\", \"Price\", \"Owner\"]}}]"
        }
    },
    {
        "model": "admin.logentry",
        "pk": 66,
        "fields": {
            "action_time": "2023-03-15T04:04:00.737Z",
            "user": 1,
            "content_type": 6,
            "object_id": "6",
            "object_repr": "Property object (6)",
            "action_flag": 2,
            "change_message": "[{\"changed\": {\"fields\": [\"Num bedrooms\", \"Num bathrooms\", \"Num guests\", \"Owner\"]}}]"
        }
    },
    {
        "model": "admin.logentry",
        "pk": 67,
        "fields": {
            "action_time": "2023-03-15T04:04:23.722Z",
            "user": 1,
            "content_type": 6,
            "object_id": "7",
            "object_repr": "Property object (7)",
            "action_flag": 2,
            "change_message": "[{\"changed\": {\"fields\": [\"City\", \"Num bathrooms\", \"Num guests\", \"Owner\"]}}]"
        }
    },
    {
        "model": "admin.logentry",
        "pk": 68,
        "fields": {
            "action_time": "2023-03-15T04:05:19.842Z",
            "user": 1,
            "content_type": 6,
            "object_id": "8",
            "object_repr": "Property object (8)",
            "action_flag": 2,
            "change_message": "[{\"changed\": {\"fields\": [\"City\", \"Num bedrooms\", \"Num bathrooms\", \"Num guests\", \"Owner\"]}}]"
        }
    },
    {
        "model": "admin.logentry",
        "pk": 69,
        "fields": {
            "action_time": "2023-03-15T04:05:37.862Z",
            "user": 1,
            "content_type": 6,
            "object_id": "9",
            "object_repr": "Property object (9)",
            "action_flag": 2,
            "change_message": "[{\"changed\": {\"fields\": [\"City\", \"Num bedrooms\", \"Num bathrooms\", \"Num guests\", \"Owner\"]}}]"
        }
    },
    {
        "model": "admin.logentry",
        "pk": 70,
        "fields": {
            "action_time": "2023-03-15T04:06:09.605Z",
            "user": 1,
            "content_type": 6,
            "object_id": "10",
            "object_repr": "Property object (10)",
            "action_flag": 2,
            "change_message": "[{\"changed\": {\"fields\": [\"City\", \"Num bedrooms\", \"Owner\"]}}]"
        }
    },
    {
        "model": "admin.logentry",
        "pk": 71,
        "fields": {
            "action_time": "2023-03-15T04:06:23.326Z",
            "user": 1,
            "content_type": 6,
            "object_id": "11",
            "object_repr": "Property object (11)",
            "action_flag": 2,
            "change_message": "[{\"changed\": {\"fields\": [\"Owner\"]}}]"
        }
    },
    {
        "model": "admin.logentry",
        "pk": 72,
        "fields": {
            "action_time": "2023-03-15T04:06:39.069Z",
            "user": 1,
            "content_type": 6,
            "object_id": "12",
            "object_repr": "Property object (12)",
            "action_flag": 2,
            "change_message": "[{\"changed\": {\"fields\": [\"City\", \"Owner\"]}}]"
        }
    },
    {
        "model": "admin.logentry",
        "pk": 73,
        "fields": {
            "action_time": "2023-03-15T04:06:47.259Z",
            "user": 1,
            "content_type": 6,
            "object_id": "12",
            "object_repr": "Property object (12)",
            "action_flag": 2,
            "change_message": "[]"
        }
    },
    {
        "model": "admin.logentry",
        "pk": 74,
        "fields": {
            "action_time": "2023-03-15T04:07:17.777Z",
            "user": 1,
            "content_type": 6,
            "object_id": "13",
            "object_repr": "Property object (13)",
            "action_flag": 2,
            "change_message": "[{\"changed\": {\"fields\": [\"City\", \"Num bedrooms\", \"Num guests\", \"Owner\"]}}]"
        }
    },
    {
        "model": "admin.logentry",
        "pk": 75,
        "fields": {
            "action_time": "2023-03-15T04:07:29.518Z",
            "user": 1,
            "content_type": 6,
            "object_id": "14",
            "object_repr": "Property object (14)",
            "action_flag": 2,
            "change_message": "[{\"changed\": {\"fields\": [\"Num bedrooms\", \"Num guests\", \"Owner\"]}}]"
        }
    },
    {
        "model": "admin.logentry",
        "pk": 76,
        "fields": {
            "action_time": "2023-03-15T04:08:01.415Z",
            "user": 1,
            "content_type": 6,
            "object_id": "15",
            "object_repr": "Property object (15)",
            "action_flag": 2,
            "change_message": "[{\"changed\": {\"fields\": [\"Num bedrooms\", \"Num guests\", \"Owner\"]}}]"
        }
    },
    {
        "model": "admin.logentry",
        "pk": 77,
        "fields": {
            "action_time": "2023-03-15T04:08:36.082Z",
            "user": 1,
            "content_type": 8,
            "object_id": "2",
            "object_repr": "PropertyAmenities object (2)",
            "action_flag": 1,
            "change_message": "[{\"added\": {}}]"
        }
    },
    {
        "model": "admin.logentry",
        "pk": 78,
        "fields": {
            "action_time": "2023-03-15T04:08:42.297Z",
            "user": 1,
            "content_type": 8,
            "object_id": "3",
            "object_repr": "PropertyAmenities object (3)",
            "action_flag": 1,
            "change_message": "[{\"added\": {}}]"
        }
    },
    {
        "model": "admin.logentry",
        "pk": 79,
        "fields": {
            "action_time": "2023-03-15T04:08:47.011Z",
            "user": 1,
            "content_type": 8,
            "object_id": "4",
            "object_repr": "PropertyAmenities object (4)",
            "action_flag": 1,
            "change_message": "[{\"added\": {}}]"
        }
    },
    {
        "model": "admin.logentry",
        "pk": 80,
        "fields": {
            "action_time": "2023-03-15T04:08:51.989Z",
            "user": 1,
            "content_type": 8,
            "object_id": "5",
            "object_repr": "PropertyAmenities object (5)",
            "action_flag": 1,
            "change_message": "[{\"added\": {}}]"
        }
    },
    {
        "model": "admin.logentry",
        "pk": 81,
        "fields": {
            "action_time": "2023-03-15T04:08:56.362Z",
            "user": 1,
            "content_type": 8,
            "object_id": "6",
            "object_repr": "PropertyAmenities object (6)",
            "action_flag": 1,
            "change_message": "[{\"added\": {}}]"
        }
    },
    {
        "model": "admin.logentry",
        "pk": 82,
        "fields": {
            "action_time": "2023-03-15T04:09:02.067Z",
            "user": 1,
            "content_type": 8,
            "object_id": "7",
            "object_repr": "PropertyAmenities object (7)",
            "action_flag": 1,
            "change_message": "[{\"added\": {}}]"
        }
    },
    {
        "model": "admin.logentry",
        "pk": 83,
        "fields": {
            "action_time": "2023-03-15T04:09:05.660Z",
            "user": 1,
            "content_type": 8,
            "object_id": "8",
            "object_repr": "PropertyAmenities object (8)",
            "action_flag": 1,
            "change_message": "[{\"added\": {}}]"
        }
    },
    {
        "model": "admin.logentry",
        "pk": 84,
        "fields": {
            "action_time": "2023-03-15T04:09:13.733Z",
            "user": 1,
            "content_type": 8,
            "object_id": "9",
            "object_repr": "PropertyAmenities object (9)",
            "action_flag": 1,
            "change_message": "[{\"added\": {}}]"
        }
    },
    {
        "model": "admin.logentry",
        "pk": 85,
        "fields": {
            "action_time": "2023-03-15T04:09:24.730Z",
            "user": 1,
            "content_type": 8,
            "object_id": "9",
            "object_repr": "PropertyAmenities object (9)",
            "action_flag": 2,
            "change_message": "[]"
        }
    },
    {
        "model": "admin.logentry",
        "pk": 86,
        "fields": {
            "action_time": "2023-03-15T04:09:30.997Z",
            "user": 1,
            "content_type": 8,
            "object_id": "10",
            "object_repr": "PropertyAmenities object (10)",
            "action_flag": 1,
            "change_message": "[{\"added\": {}}]"
        }
    },
    {
        "model": "admin.logentry",
        "pk": 87,
        "fields": {
            "action_time": "2023-03-15T04:09:36.212Z",
            "user": 1,
            "content_type": 8,
            "object_id": "11",
            "object_repr": "PropertyAmenities object (11)",
            "action_flag": 1,
            "change_message": "[{\"added\": {}}]"
        }
    },
    {
        "model": "admin.logentry",
        "pk": 88,
        "fields": {
            "action_time": "2023-03-15T04:09:44.496Z",
            "user": 1,
            "content_type": 8,
            "object_id": "12",
            "object_repr": "PropertyAmenities object (12)",
            "action_flag": 1,
            "change_message": "[{\"added\": {}}]"
        }
    },
    {
        "model": "admin.logentry",
        "pk": 89,
        "fields": {
            "action_time": "2023-03-15T04:09:52.569Z",
            "user": 1,
            "content_type": 8,
            "object_id": "13",
            "object_repr": "PropertyAmenities object (13)",
            "action_flag": 1,
            "change_message": "[{\"added\": {}}]"
        }
    },
    {
        "model": "admin.logentry",
        "pk": 90,
        "fields": {
            "action_time": "2023-03-15T04:09:59.180Z",
            "user": 1,
            "content_type": 8,
            "object_id": "14",
            "object_repr": "PropertyAmenities object (14)",
            "action_flag": 1,
            "change_message": "[{\"added\": {}}]"
        }
    },
    {
        "model": "admin.logentry",
        "pk": 91,
        "fields": {
            "action_time": "2023-03-15T04:10:07.404Z",
            "user": 1,
            "content_type": 8,
            "object_id": "15",
            "object_repr": "PropertyAmenities object (15)",
            "action_flag": 1,
            "change_message": "[{\"added\": {}}]"
        }
    },
    {
        "model": "admin.logentry",
        "pk": 92,
        "fields": {
            "action_time": "2023-03-15T04:10:11.949Z",
            "user": 1,
            "content_type": 8,
            "object_id": "16",
            "object_repr": "PropertyAmenities object (16)",
            "action_flag": 1,
            "change_message": "[{\"added\": {}}]"
        }
    },
    {
        "model": "admin.logentry",
        "pk": 93,
        "fields": {
            "action_time": "2023-03-15T04:10:23.285Z",
            "user": 1,
            "content_type": 8,
            "object_id": "16",
            "object_repr": "PropertyAmenities object (16)",
            "action_flag": 2,
            "change_message": "[{\"changed\": {\"fields\": [\"Property\"]}}]"
        }
    },
    {
        "model": "admin.logentry",
        "pk": 94,
        "fields": {
            "action_time": "2023-03-15T04:10:29.150Z",
            "user": 1,
            "content_type": 8,
            "object_id": "17",
            "object_repr": "PropertyAmenities object (17)",
            "action_flag": 1,
            "change_message": "[{\"added\": {}}]"
        }
    },
    {
        "model": "admin.logentry",
        "pk": 95,
        "fields": {
            "action_time": "2023-03-15T04:10:33.351Z",
            "user": 1,
            "content_type": 8,
            "object_id": "18",
            "object_repr": "PropertyAmenities object (18)",
            "action_flag": 1,
            "change_message": "[{\"added\": {}}]"
        }
    },
    {
        "model": "admin.logentry",
        "pk": 96,
        "fields": {
            "action_time": "2023-03-15T04:10:42.468Z",
            "user": 1,
            "content_type": 8,
            "object_id": "19",
            "object_repr": "PropertyAmenities object (19)",
            "action_flag": 1,
            "change_message": "[{\"added\": {}}]"
        }
    },
    {
        "model": "admin.logentry",
        "pk": 97,
        "fields": {
            "action_time": "2023-03-15T04:10:51.685Z",
            "user": 1,
            "content_type": 8,
            "object_id": "20",
            "object_repr": "PropertyAmenities object (20)",
            "action_flag": 1,
            "change_message": "[{\"added\": {}}]"
        }
    },
    {
        "model": "admin.logentry",
        "pk": 98,
        "fields": {
            "action_time": "2023-03-15T04:11:39.303Z",
            "user": 1,
            "content_type": 8,
            "object_id": "20",
            "object_repr": "PropertyAmenities object (20)",
            "action_flag": 2,
            "change_message": "[{\"changed\": {\"fields\": [\"Property\"]}}]"
        }
    },
    {
        "model": "admin.logentry",
        "pk": 99,
        "fields": {
            "action_time": "2023-03-15T04:11:46.997Z",
            "user": 1,
            "content_type": 8,
            "object_id": "21",
            "object_repr": "PropertyAmenities object (21)",
            "action_flag": 1,
            "change_message": "[{\"added\": {}}]"
        }
    },
    {
        "model": "admin.logentry",
        "pk": 100,
        "fields": {
            "action_time": "2023-03-15T04:11:50.610Z",
            "user": 1,
            "content_type": 8,
            "object_id": "22",
            "object_repr": "PropertyAmenities object (22)",
            "action_flag": 1,
            "change_message": "[{\"added\": {}}]"
        }
    },
    {
        "model": "admin.logentry",
        "pk": 101,
        "fields": {
            "action_time": "2023-03-15T04:11:54.702Z",
            "user": 1,
            "content_type": 8,
            "object_id": "23",
            "object_repr": "PropertyAmenities object (23)",
            "action_flag": 1,
            "change_message": "[{\"added\": {}}]"
        }
    },
    {
        "model": "admin.logentry",
        "pk": 102,
        "fields": {
            "action_time": "2023-03-15T04:11:58.771Z",
            "user": 1,
            "content_type": 8,
            "object_id": "24",
            "object_repr": "PropertyAmenities object (24)",
            "action_flag": 1,
            "change_message": "[{\"added\": {}}]"
        }
    },
    {
        "model": "admin.logentry",
        "pk": 103,
        "fields": {
            "action_time": "2023-03-15T04:12:04.530Z",
            "user": 1,
            "content_type": 8,
            "object_id": "25",
            "object_repr": "PropertyAmenities object (25)",
            "action_flag": 1,
            "change_message": "[{\"added\": {}}]"
        }
    },
    {
        "model": "admin.logentry",
        "pk": 104,
        "fields": {
            "action_time": "2023-03-15T04:12:11.598Z",
            "user": 1,
            "content_type": 8,
            "object_id": "26",
            "object_repr": "PropertyAmenities object (26)",
            "action_flag": 1,
            "change_message": "[{\"added\": {}}]"
        }
    },
    {
        "model": "admin.logentry",
        "pk": 105,
        "fields": {
            "action_time": "2023-03-15T04:12:17.515Z",
            "user": 1,
            "content_type": 8,
            "object_id": "27",
            "object_repr": "PropertyAmenities object (27)",
            "action_flag": 1,
            "change_message": "[{\"added\": {}}]"
        }
    },
    {
        "model": "admin.logentry",
        "pk": 106,
        "fields": {
            "action_time": "2023-03-15T04:12:22.776Z",
            "user": 1,
            "content_type": 8,
            "object_id": "28",
            "object_repr": "PropertyAmenities object (28)",
            "action_flag": 1,
            "change_message": "[{\"added\": {}}]"
        }
    },
    {
        "model": "admin.logentry",
        "pk": 107,
        "fields": {
            "action_time": "2023-03-15T04:14:08.093Z",
            "user": 1,
            "content_type": 13,
            "object_id": "2",
            "object_repr": "Reservation object (2)",
            "action_flag": 2,
            "change_message": "[{\"changed\": {\"fields\": [\"Guest\"]}}]"
        }
    },
    {
        "model": "admin.logentry",
        "pk": 108,
        "fields": {
            "action_time": "2023-03-15T04:14:34.213Z",
            "user": 1,
            "content_type": 13,
            "object_id": "4",
            "object_repr": "Reservation object (4)",
            "action_flag": 2,
            "change_message": "[{\"changed\": {\"fields\": [\"Guest\"]}}]"
        }
    },
    {
        "model": "admin.logentry",
        "pk": 109,
        "fields": {
            "action_time": "2023-03-15T04:14:39.992Z",
            "user": 1,
            "content_type": 13,
            "object_id": "5",
            "object_repr": "Reservation object (5)",
            "action_flag": 2,
            "change_message": "[{\"changed\": {\"fields\": [\"Guest\"]}}]"
        }
    },
    {
        "model": "admin.logentry",
        "pk": 110,
        "fields": {
            "action_time": "2023-03-15T04:14:45.351Z",
            "user": 1,
            "content_type": 13,
            "object_id": "6",
            "object_repr": "Reservation object (6)",
            "action_flag": 2,
            "change_message": "[]"
        }
    },
    {
        "model": "admin.logentry",
        "pk": 111,
        "fields": {
            "action_time": "2023-03-15T04:14:49.775Z",
            "user": 1,
            "content_type": 13,
            "object_id": "5",
            "object_repr": "Reservation object (5)",
            "action_flag": 2,
            "change_message": "[]"
        }
    },
    {
        "model": "admin.logentry",
        "pk": 112,
        "fields": {
            "action_time": "2023-03-15T04:14:57.430Z",
            "user": 1,
            "content_type": 13,
            "object_id": "7",
            "object_repr": "Reservation object (7)",
            "action_flag": 2,
            "change_message": "[{\"changed\": {\"fields\": [\"Guest\"]}}]"
        }
    },
    {
        "model": "admin.logentry",
        "pk": 113,
        "fields": {
            "action_time": "2023-03-15T04:15:02.239Z",
            "user": 1,
            "content_type": 13,
            "object_id": "5",
            "object_repr": "Reservation object (5)",
            "action_flag": 2,
            "change_message": "[]"
        }
    },
    {
        "model": "admin.logentry",
        "pk": 114,
        "fields": {
            "action_time": "2023-03-15T04:15:11.248Z",
            "user": 1,
            "content_type": 13,
            "object_id": "6",
            "object_repr": "Reservation object (6)",
            "action_flag": 2,
            "change_message": "[{\"changed\": {\"fields\": [\"Guest\"]}}]"
        }
    },
    {
        "model": "admin.logentry",
        "pk": 115,
        "fields": {
            "action_time": "2023-03-15T04:15:17.313Z",
            "user": 1,
            "content_type": 13,
            "object_id": "8",
            "object_repr": "Reservation object (8)",
            "action_flag": 2,
            "change_message": "[]"
        }
    },
    {
        "model": "admin.logentry",
        "pk": 116,
        "fields": {
            "action_time": "2023-03-15T04:15:21.812Z",
            "user": 1,
            "content_type": 13,
            "object_id": "8",
            "object_repr": "Reservation object (8)",
            "action_flag": 2,
            "change_message": "[]"
        }
    },
    {
        "model": "admin.logentry",
        "pk": 117,
        "fields": {
            "action_time": "2023-03-15T04:15:28.214Z",
            "user": 1,
            "content_type": 13,
            "object_id": "9",
            "object_repr": "Reservation object (9)",
            "action_flag": 2,
            "change_message": "[{\"changed\": {\"fields\": [\"Guest\"]}}]"
        }
    },
    {
        "model": "admin.logentry",
        "pk": 118,
        "fields": {
            "action_time": "2023-03-15T04:15:40.033Z",
            "user": 1,
            "content_type": 13,
            "object_id": "10",
            "object_repr": "Reservation object (10)",
            "action_flag": 2,
            "change_message": "[]"
        }
    },
    {
        "model": "admin.logentry",
        "pk": 119,
        "fields": {
            "action_time": "2023-03-15T04:15:52.482Z",
            "user": 1,
            "content_type": 13,
            "object_id": "1",
            "object_repr": "Reservation object (1)",
            "action_flag": 2,
            "change_message": "[]"
        }
    },
    {
        "model": "admin.logentry",
        "pk": 120,
        "fields": {
            "action_time": "2023-03-15T04:15:56.026Z",
            "user": 1,
            "content_type": 13,
            "object_id": "2",
            "object_repr": "Reservation object (2)",
            "action_flag": 2,
            "change_message": "[]"
        }
    },
    {
        "model": "admin.logentry",
        "pk": 121,
        "fields": {
            "action_time": "2023-03-15T04:16:13.901Z",
            "user": 1,
            "content_type": 13,
            "object_id": "3",
            "object_repr": "Reservation object (3)",
            "action_flag": 2,
            "change_message": "[]"
        }
    },
    {
        "model": "admin.logentry",
        "pk": 122,
        "fields": {
            "action_time": "2023-03-15T04:16:19.081Z",
            "user": 1,
            "content_type": 13,
            "object_id": "1",
            "object_repr": "Reservation object (1)",
            "action_flag": 2,
            "change_message": "[]"
        }
    },
    {
        "model": "admin.logentry",
        "pk": 123,
        "fields": {
            "action_time": "2023-03-15T04:16:22.382Z",
            "user": 1,
            "content_type": 13,
            "object_id": "2",
            "object_repr": "Reservation object (2)",
            "action_flag": 2,
            "change_message": "[]"
        }
    },
    {
        "model": "admin.logentry",
        "pk": 124,
        "fields": {
            "action_time": "2023-03-15T04:16:25.863Z",
            "user": 1,
            "content_type": 13,
            "object_id": "3",
            "object_repr": "Reservation object (3)",
            "action_flag": 2,
            "change_message": "[]"
        }
    },
    {
        "model": "admin.logentry",
        "pk": 125,
        "fields": {
            "action_time": "2023-03-15T04:16:31.023Z",
            "user": 1,
            "content_type": 13,
            "object_id": "4",
            "object_repr": "Reservation object (4)",
            "action_flag": 2,
            "change_message": "[]"
        }
    },
    {
        "model": "admin.logentry",
        "pk": 126,
        "fields": {
            "action_time": "2023-03-15T04:16:35.847Z",
            "user": 1,
            "content_type": 13,
            "object_id": "5",
            "object_repr": "Reservation object (5)",
            "action_flag": 2,
            "change_message": "[]"
        }
    },
    {
        "model": "admin.logentry",
        "pk": 127,
        "fields": {
            "action_time": "2023-03-15T04:16:39.728Z",
            "user": 1,
            "content_type": 13,
            "object_id": "6",
            "object_repr": "Reservation object (6)",
            "action_flag": 2,
            "change_message": "[]"
        }
    },
    {
        "model": "admin.logentry",
        "pk": 128,
        "fields": {
            "action_time": "2023-03-15T04:16:44.563Z",
            "user": 1,
            "content_type": 13,
            "object_id": "7",
            "object_repr": "Reservation object (7)",
            "action_flag": 2,
            "change_message": "[]"
        }
    },
    {
        "model": "admin.logentry",
        "pk": 129,
        "fields": {
            "action_time": "2023-03-15T04:16:49.464Z",
            "user": 1,
            "content_type": 13,
            "object_id": "8",
            "object_repr": "Reservation object (8)",
            "action_flag": 2,
            "change_message": "[]"
        }
    },
    {
        "model": "admin.logentry",
        "pk": 130,
        "fields": {
            "action_time": "2023-03-15T04:16:53.437Z",
            "user": 1,
            "content_type": 13,
            "object_id": "9",
            "object_repr": "Reservation object (9)",
            "action_flag": 2,
            "change_message": "[]"
        }
    },
    {
        "model": "admin.logentry",
        "pk": 131,
        "fields": {
            "action_time": "2023-03-15T04:17:16.459Z",
            "user": 1,
            "content_type": 13,
            "object_id": "1",
            "object_repr": "Reservation object (1)",
            "action_flag": 2,
            "change_message": "[]"
        }
    },
    {
        "model": "admin.logentry",
        "pk": 132,
        "fields": {
            "action_time": "2023-03-15T04:17:25.092Z",
            "user": 1,
            "content_type": 13,
            "object_id": "6",
            "object_repr": "Reservation object (6)",
            "action_flag": 2,
            "change_message": "[]"
        }
    },
    {
        "model": "admin.logentry",
        "pk": 133,
        "fields": {
            "action_time": "2023-03-15T04:17:32.011Z",
            "user": 1,
            "content_type": 13,
            "object_id": "1",
            "object_repr": "Reservation object (1)",
            "action_flag": 2,
            "change_message": "[{\"changed\": {\"fields\": [\"Status\"]}}]"
        }
    },
    {
        "model": "admin.logentry",
        "pk": 134,
        "fields": {
            "action_time": "2023-03-15T04:17:40.576Z",
            "user": 1,
            "content_type": 13,
            "object_id": "1",
            "object_repr": "Reservation object (1)",
            "action_flag": 2,
            "change_message": "[]"
        }
    },
    {
        "model": "admin.logentry",
        "pk": 135,
        "fields": {
            "action_time": "2023-03-15T04:17:49.393Z",
            "user": 1,
            "content_type": 13,
            "object_id": "2",
            "object_repr": "Reservation object (2)",
            "action_flag": 2,
            "change_message": "[]"
        }
    },
    {
        "model": "admin.logentry",
        "pk": 136,
        "fields": {
            "action_time": "2023-03-15T04:17:56.192Z",
            "user": 1,
            "content_type": 13,
            "object_id": "3",
            "object_repr": "Reservation object (3)",
            "action_flag": 2,
            "change_message": "[]"
        }
    },
    {
        "model": "admin.logentry",
        "pk": 137,
        "fields": {
            "action_time": "2023-03-15T04:18:06.655Z",
            "user": 1,
            "content_type": 13,
            "object_id": "1",
            "object_repr": "Reservation object (1)",
            "action_flag": 2,
            "change_message": "[{\"changed\": {\"fields\": [\"Start date\"]}}]"
        }
    },
    {
        "model": "admin.logentry",
        "pk": 138,
        "fields": {
            "action_time": "2023-03-15T04:18:23.338Z",
            "user": 1,
            "content_type": 13,
            "object_id": "1",
            "object_repr": "Reservation object (1)",
            "action_flag": 2,
            "change_message": "[]"
        }
    },
    {
        "model": "admin.logentry",
        "pk": 139,
        "fields": {
            "action_time": "2023-03-15T04:18:31.695Z",
            "user": 1,
            "content_type": 13,
            "object_id": "3",
            "object_repr": "Reservation object (3)",
            "action_flag": 2,
            "change_message": "[]"
        }
    },
    {
        "model": "admin.logentry",
        "pk": 140,
        "fields": {
            "action_time": "2023-03-15T04:18:38.883Z",
            "user": 1,
            "content_type": 13,
            "object_id": "5",
            "object_repr": "Reservation object (5)",
            "action_flag": 2,
            "change_message": "[]"
        }
    },
    {
        "model": "admin.logentry",
        "pk": 141,
        "fields": {
            "action_time": "2023-03-15T04:18:44.773Z",
            "user": 1,
            "content_type": 13,
            "object_id": "6",
            "object_repr": "Reservation object (6)",
            "action_flag": 2,
            "change_message": "[]"
        }
    },
    {
        "model": "admin.logentry",
        "pk": 142,
        "fields": {
            "action_time": "2023-03-15T04:18:50.159Z",
            "user": 1,
            "content_type": 13,
            "object_id": "6",
            "object_repr": "Reservation object (6)",
            "action_flag": 2,
            "change_message": "[]"
        }
    },
    {
        "model": "admin.logentry",
        "pk": 143,
        "fields": {
            "action_time": "2023-03-15T04:18:54.710Z",
            "user": 1,
            "content_type": 13,
            "object_id": "5",
            "object_repr": "Reservation object (5)",
            "action_flag": 2,
            "change_message": "[]"
        }
    },
    {
        "model": "admin.logentry",
        "pk": 144,
        "fields": {
            "action_time": "2023-03-15T04:19:00.623Z",
            "user": 1,
            "content_type": 13,
            "object_id": "7",
            "object_repr": "Reservation object (7)",
            "action_flag": 2,
            "change_message": "[]"
        }
    },
    {
        "model": "admin.logentry",
        "pk": 145,
        "fields": {
            "action_time": "2023-03-15T04:19:07.917Z",
            "user": 1,
            "content_type": 13,
            "object_id": "8",
            "object_repr": "Reservation object (8)",
            "action_flag": 2,
            "change_message": "[]"
        }
    },
    {
        "model": "admin.logentry",
        "pk": 146,
        "fields": {
            "action_time": "2023-03-15T04:19:10.928Z",
            "user": 1,
            "content_type": 13,
            "object_id": "8",
            "object_repr": "Reservation object (8)",
            "action_flag": 2,
            "change_message": "[]"
        }
    },
    {
        "model": "admin.logentry",
        "pk": 147,
        "fields": {
            "action_time": "2023-03-15T04:19:19.990Z",
            "user": 1,
            "content_type": 13,
            "object_id": "9",
            "object_repr": "Reservation object (9)",
            "action_flag": 2,
            "change_message": "[]"
        }
    },
    {
        "model": "admin.logentry",
        "pk": 148,
        "fields": {
            "action_time": "2023-03-15T04:19:25.264Z",
            "user": 1,
            "content_type": 13,
            "object_id": "8",
            "object_repr": "Reservation object (8)",
            "action_flag": 2,
            "change_message": "[]"
        }
    },
    {
        "model": "admin.logentry",
        "pk": 149,
        "fields": {
            "action_time": "2023-03-15T04:19:30.400Z",
            "user": 1,
            "content_type": 13,
            "object_id": "6",
            "object_repr": "Reservation object (6)",
            "action_flag": 2,
            "change_message": "[]"
        }
    },
    {
        "model": "admin.logentry",
        "pk": 150,
        "fields": {
            "action_time": "2023-03-15T04:19:42.042Z",
            "user": 1,
            "content_type": 13,
            "object_id": "10",
            "object_repr": "Reservation object (10)",
            "action_flag": 2,
            "change_message": "[]"
        }
    },
    {
        "model": "admin.logentry",
        "pk": 151,
        "fields": {
            "action_time": "2023-03-15T04:19:48.895Z",
            "user": 1,
            "content_type": 13,
            "object_id": "11",
            "object_repr": "Reservation object (11)",
            "action_flag": 2,
            "change_message": "[]"
        }
    },
    {
        "model": "admin.logentry",
        "pk": 152,
        "fields": {
            "action_time": "2023-03-15T04:19:59.642Z",
            "user": 1,
            "content_type": 13,
            "object_id": "12",
            "object_repr": "Reservation object (12)",
            "action_flag": 2,
            "change_message": "[]"
        }
    },
    {
        "model": "admin.logentry",
        "pk": 153,
        "fields": {
            "action_time": "2023-03-15T04:20:30.596Z",
            "user": 1,
            "content_type": 13,
            "object_id": "13",
            "object_repr": "Reservation object (13)",
            "action_flag": 2,
            "change_message": "[]"
        }
    },
    {
        "model": "admin.logentry",
        "pk": 154,
        "fields": {
            "action_time": "2023-03-15T04:21:02.606Z",
            "user": 1,
            "content_type": 13,
            "object_id": "14",
            "object_repr": "Reservation object (14)",
            "action_flag": 2,
            "change_message": "[{\"changed\": {\"fields\": [\"Status\", \"Guest\", \"Property\", \"Start date\", \"End date\"]}}]"
        }
    },
    {
        "model": "admin.logentry",
        "pk": 155,
        "fields": {
            "action_time": "2023-03-15T04:21:18.591Z",
            "user": 1,
            "content_type": 13,
            "object_id": "14",
            "object_repr": "Reservation object (14)",
            "action_flag": 2,
            "change_message": "[]"
        }
    },
    {
        "model": "admin.logentry",
        "pk": 156,
        "fields": {
            "action_time": "2023-03-15T04:21:50.145Z",
            "user": 1,
            "content_type": 13,
            "object_id": "15",
            "object_repr": "Reservation object (15)",
            "action_flag": 2,
            "change_message": "[{\"changed\": {\"fields\": [\"Status\", \"Guest\", \"Property\", \"Start date\", \"End date\"]}}]"
        }
    },
    {
        "model": "admin.logentry",
        "pk": 157,
        "fields": {
            "action_time": "2023-03-15T04:22:04.023Z",
            "user": 1,
            "content_type": 13,
            "object_id": "15",
            "object_repr": "Reservation object (15)",
            "action_flag": 2,
            "change_message": "[{\"changed\": {\"fields\": [\"Property\"]}}]"
        }
    },
    {
        "model": "admin.logentry",
        "pk": 158,
        "fields": {
            "action_time": "2023-03-15T04:22:08.428Z",
            "user": 1,
            "content_type": 13,
            "object_id": "14",
            "object_repr": "Reservation object (14)",
            "action_flag": 2,
            "change_message": "[]"
        }
    },
    {
        "model": "admin.logentry",
        "pk": 159,
        "fields": {
            "action_time": "2023-03-15T04:22:27.925Z",
            "user": 1,
            "content_type": 13,
            "object_id": "16",
            "object_repr": "Reservation object (16)",
            "action_flag": 2,
            "change_message": "[{\"changed\": {\"fields\": [\"Status\", \"Guest\", \"Property\"]}}]"
        }
    },
    {
        "model": "admin.logentry",
        "pk": 160,
        "fields": {
            "action_time": "2023-03-15T04:23:25.060Z",
            "user": 1,
            "content_type": 13,
            "object_id": "17",
            "object_repr": "Reservation object (17)",
            "action_flag": 2,
            "change_message": "[{\"changed\": {\"fields\": [\"Guest\", \"Property\"]}}]"
        }
    },
    {
        "model": "admin.logentry",
        "pk": 161,
        "fields": {
            "action_time": "2023-03-15T04:23:52.777Z",
            "user": 1,
            "content_type": 13,
            "object_id": "18",
            "object_repr": "Reservation object (18)",
            "action_flag": 2,
            "change_message": "[{\"changed\": {\"fields\": [\"Guest\", \"Property\"]}}]"
        }
    },
    {
        "model": "admin.logentry",
        "pk": 162,
        "fields": {
            "action_time": "2023-03-15T04:24:11.302Z",
            "user": 1,
            "content_type": 13,
            "object_id": "19",
            "object_repr": "Reservation object (19)",
            "action_flag": 2,
            "change_message": "[]"
        }
    },
    {
        "model": "admin.logentry",
        "pk": 163,
        "fields": {
            "action_time": "2023-03-15T04:24:32.806Z",
            "user": 1,
            "content_type": 13,
            "object_id": "20",
            "object_repr": "Reservation object (20)",
            "action_flag": 2,
            "change_message": "[{\"changed\": {\"fields\": [\"Guest\"]}}]"
        }
    },
    {
        "model": "admin.logentry",
        "pk": 164,
        "fields": {
            "action_time": "2023-03-15T04:24:47.904Z",
            "user": 1,
            "content_type": 13,
            "object_id": "21",
            "object_repr": "Reservation object (21)",
            "action_flag": 2,
            "change_message": "[{\"changed\": {\"fields\": [\"Guest\"]}}]"
        }
    },
    {
        "model": "admin.logentry",
        "pk": 165,
        "fields": {
            "action_time": "2023-03-15T04:24:55.027Z",
            "user": 1,
            "content_type": 13,
            "object_id": "22",
            "object_repr": "Reservation object (22)",
            "action_flag": 2,
            "change_message": "[]"
        }
    },
    {
        "model": "admin.logentry",
        "pk": 166,
        "fields": {
            "action_time": "2023-03-15T04:24:59.322Z",
            "user": 1,
            "content_type": 13,
            "object_id": "23",
            "object_repr": "Reservation object (23)",
            "action_flag": 2,
            "change_message": "[]"
        }
    },
    {
        "model": "admin.logentry",
        "pk": 167,
        "fields": {
            "action_time": "2023-03-15T04:25:03.393Z",
            "user": 1,
            "content_type": 13,
            "object_id": "24",
            "object_repr": "Reservation object (24)",
            "action_flag": 2,
            "change_message": "[]"
        }
    },
    {
        "model": "admin.logentry",
        "pk": 168,
        "fields": {
            "action_time": "2023-03-15T04:25:41.039Z",
            "user": 1,
            "content_type": 13,
            "object_id": "25",
            "object_repr": "Reservation object (25)",
            "action_flag": 1,
            "change_message": "[{\"added\": {}}]"
        }
    },
    {
        "model": "admin.logentry",
        "pk": 169,
        "fields": {
            "action_time": "2023-03-15T04:27:11.271Z",
            "user": 1,
            "content_type": 13,
            "object_id": "26",
            "object_repr": "Reservation object (26)",
            "action_flag": 1,
            "change_message": "[{\"added\": {}}]"
        }
    },
    {
        "model": "admin.logentry",
        "pk": 170,
        "fields": {
            "action_time": "2023-03-15T04:27:25.666Z",
            "user": 1,
            "content_type": 13,
            "object_id": "25",
            "object_repr": "Reservation object (25)",
            "action_flag": 2,
            "change_message": "[{\"changed\": {\"fields\": [\"Date submitted\"]}}]"
        }
    },
    {
        "model": "admin.logentry",
        "pk": 171,
        "fields": {
            "action_time": "2023-03-15T04:27:42.096Z",
            "user": 1,
            "content_type": 13,
            "object_id": "26",
            "object_repr": "Reservation object (26)",
            "action_flag": 2,
            "change_message": "[]"
        }
    },
    {
        "model": "admin.logentry",
        "pk": 172,
        "fields": {
            "action_time": "2023-03-15T04:28:50.799Z",
            "user": 1,
            "content_type": 13,
            "object_id": "27",
            "object_repr": "Reservation object (27)",
            "action_flag": 1,
            "change_message": "[{\"added\": {}}]"
        }
    },
    {
        "model": "admin.logentry",
        "pk": 173,
        "fields": {
            "action_time": "2023-03-15T04:29:48.456Z",
            "user": 1,
            "content_type": 13,
            "object_id": "28",
            "object_repr": "Reservation object (28)",
            "action_flag": 1,
            "change_message": "[{\"added\": {}}]"
        }
    },
    {
        "model": "admin.logentry",
        "pk": 174,
        "fields": {
            "action_time": "2023-03-15T04:30:34.630Z",
            "user": 1,
            "content_type": 13,
            "object_id": "29",
            "object_repr": "Reservation object (29)",
            "action_flag": 1,
            "change_message": "[{\"added\": {}}]"
        }
    },
    {
        "model": "admin.logentry",
        "pk": 175,
        "fields": {
            "action_time": "2023-03-15T04:31:18.555Z",
            "user": 1,
            "content_type": 13,
            "object_id": "30",
            "object_repr": "Reservation object (30)",
            "action_flag": 1,
            "change_message": "[{\"added\": {}}]"
        }
    },
    {
        "model": "admin.logentry",
        "pk": 176,
        "fields": {
            "action_time": "2023-03-15T04:31:41.723Z",
            "user": 1,
            "content_type": 13,
            "object_id": "1",
            "object_repr": "Reservation object (1)",
            "action_flag": 2,
            "change_message": "[]"
        }
    },
    {
        "model": "admin.logentry",
        "pk": 177,
        "fields": {
            "action_time": "2023-03-15T04:31:50.852Z",
            "user": 1,
            "content_type": 13,
            "object_id": "3",
            "object_repr": "Reservation object (3)",
            "action_flag": 2,
            "change_message": "[]"
        }
    },
    {
        "model": "admin.logentry",
        "pk": 178,
        "fields": {
            "action_time": "2023-03-15T04:32:17.677Z",
            "user": 1,
            "content_type": 13,
            "object_id": "13",
            "object_repr": "Reservation object (13)",
            "action_flag": 2,
            "change_message": "[]"
        }
    },
    {
        "model": "admin.logentry",
        "pk": 179,
        "fields": {
            "action_time": "2023-03-15T04:32:26.764Z",
            "user": 1,
            "content_type": 13,
            "object_id": "13",
            "object_repr": "Reservation object (13)",
            "action_flag": 2,
            "change_message": "[{\"changed\": {\"fields\": [\"Guest\"]}}]"
        }
    },
    {
        "model": "admin.logentry",
        "pk": 180,
        "fields": {
            "action_time": "2023-03-15T04:32:33.729Z",
            "user": 1,
            "content_type": 13,
            "object_id": "27",
            "object_repr": "Reservation object (27)",
            "action_flag": 2,
            "change_message": "[]"
        }
    },
    {
        "model": "admin.logentry",
        "pk": 181,
        "fields": {
            "action_time": "2023-03-15T04:32:50.685Z",
            "user": 1,
            "content_type": 13,
            "object_id": "14",
            "object_repr": "Reservation object (14)",
            "action_flag": 2,
            "change_message": "[]"
        }
    },
    {
        "model": "admin.logentry",
        "pk": 182,
        "fields": {
            "action_time": "2023-03-15T04:33:00.510Z",
            "user": 1,
            "content_type": 13,
            "object_id": "15",
            "object_repr": "Reservation object (15)",
            "action_flag": 2,
            "change_message": "[]"
        }
    },
    {
        "model": "admin.logentry",
        "pk": 183,
        "fields": {
            "action_time": "2023-03-15T04:33:06.630Z",
            "user": 1,
            "content_type": 13,
            "object_id": "16",
            "object_repr": "Reservation object (16)",
            "action_flag": 2,
            "change_message": "[]"
        }
    },
    {
        "model": "admin.logentry",
        "pk": 184,
        "fields": {
            "action_time": "2023-03-15T04:33:20.835Z",
            "user": 1,
            "content_type": 13,
            "object_id": "25",
            "object_repr": "Reservation object (25)",
            "action_flag": 2,
            "change_message": "[]"
        }
    },
    {
        "model": "admin.logentry",
        "pk": 185,
        "fields": {
            "action_time": "2023-03-15T04:33:27.268Z",
            "user": 1,
            "content_type": 13,
            "object_id": "26",
            "object_repr": "Reservation object (26)",
            "action_flag": 2,
            "change_message": "[]"
        }
    },
    {
        "model": "admin.logentry",
        "pk": 186,
        "fields": {
            "action_time": "2023-03-15T04:33:33.752Z",
            "user": 1,
            "content_type": 13,
            "object_id": "19",
            "object_repr": "Reservation object (19)",
            "action_flag": 2,
            "change_message": "[]"
        }
    },
    {
        "model": "admin.logentry",
        "pk": 187,
        "fields": {
            "action_time": "2023-03-15T04:33:43.891Z",
            "user": 1,
            "content_type": 13,
            "object_id": "20",
            "object_repr": "Reservation object (20)",
            "action_flag": 2,
            "change_message": "[]"
        }
    },
    {
        "model": "admin.logentry",
        "pk": 188,
        "fields": {
            "action_time": "2023-03-15T04:34:04.930Z",
            "user": 1,
            "content_type": 13,
            "object_id": "28",
            "object_repr": "Reservation object (28)",
            "action_flag": 2,
            "change_message": "[]"
        }
    },
    {
        "model": "admin.logentry",
        "pk": 189,
        "fields": {
            "action_time": "2023-03-15T04:34:08.973Z",
            "user": 1,
            "content_type": 13,
            "object_id": "29",
            "object_repr": "Reservation object (29)",
            "action_flag": 2,
            "change_message": "[]"
        }
    },
    {
        "model": "admin.logentry",
        "pk": 190,
        "fields": {
            "action_time": "2023-03-15T04:36:56.488Z",
            "user": 1,
            "content_type": 13,
            "object_id": "3",
            "object_repr": "Reservation object (3)",
            "action_flag": 2,
            "change_message": "[]"
        }
    },
    {
        "model": "admin.logentry",
        "pk": 191,
        "fields": {
            "action_time": "2023-03-15T04:37:16.076Z",
            "user": 1,
            "content_type": 13,
            "object_id": "13",
            "object_repr": "Reservation object (13)",
            "action_flag": 2,
            "change_message": "[]"
        }
    },
    {
        "model": "admin.logentry",
        "pk": 192,
        "fields": {
            "action_time": "2023-03-15T04:37:30.885Z",
            "user": 1,
            "content_type": 13,
            "object_id": "27",
            "object_repr": "Reservation object (27)",
            "action_flag": 2,
            "change_message": "[]"
        }
    },
    {
        "model": "admin.logentry",
        "pk": 193,
        "fields": {
            "action_time": "2023-03-15T04:37:46.142Z",
            "user": 1,
            "content_type": 13,
            "object_id": "14",
            "object_repr": "Reservation object (14)",
            "action_flag": 2,
            "change_message": "[]"
        }
    },
    {
        "model": "admin.logentry",
        "pk": 194,
        "fields": {
            "action_time": "2023-03-15T04:37:47.795Z",
            "user": 1,
            "content_type": 13,
            "object_id": "14",
            "object_repr": "Reservation object (14)",
            "action_flag": 2,
            "change_message": "[]"
        }
    },
    {
        "model": "admin.logentry",
        "pk": 195,
        "fields": {
            "action_time": "2023-03-15T04:38:00.691Z",
            "user": 1,
            "content_type": 13,
            "object_id": "15",
            "object_repr": "Reservation object (15)",
            "action_flag": 2,
            "change_message": "[]"
        }
    },
    {
        "model": "admin.logentry",
        "pk": 196,
        "fields": {
            "action_time": "2023-03-15T04:38:18.639Z",
            "user": 1,
            "content_type": 13,
            "object_id": "16",
            "object_repr": "Reservation object (16)",
            "action_flag": 2,
            "change_message": "[]"
        }
    },
    {
        "model": "admin.logentry",
        "pk": 197,
        "fields": {
            "action_time": "2023-03-15T04:38:33.794Z",
            "user": 1,
            "content_type": 13,
            "object_id": "25",
            "object_repr": "Reservation object (25)",
            "action_flag": 2,
            "change_message": "[]"
        }
    },
    {
        "model": "admin.logentry",
        "pk": 198,
        "fields": {
            "action_time": "2023-03-15T04:38:49.835Z",
            "user": 1,
            "content_type": 13,
            "object_id": "26",
            "object_repr": "Reservation object (26)",
            "action_flag": 2,
            "change_message": "[]"
        }
    },
    {
        "model": "admin.logentry",
        "pk": 199,
        "fields": {
            "action_time": "2023-03-15T04:39:45.160Z",
            "user": 1,
            "content_type": 13,
            "object_id": "20",
            "object_repr": "Reservation object (20)",
            "action_flag": 2,
            "change_message": "[]"
        }
    },
    {
        "model": "admin.logentry",
        "pk": 200,
        "fields": {
            "action_time": "2023-03-15T04:39:57.373Z",
            "user": 1,
            "content_type": 13,
            "object_id": "28",
            "object_repr": "Reservation object (28)",
            "action_flag": 2,
            "change_message": "[]"
        }
    },
    {
        "model": "admin.logentry",
        "pk": 201,
        "fields": {
            "action_time": "2023-03-15T04:40:10.541Z",
            "user": 1,
            "content_type": 13,
            "object_id": "29",
            "object_repr": "Reservation object (29)",
            "action_flag": 2,
            "change_message": "[]"
        }
    },
    {
        "model": "admin.logentry",
        "pk": 202,
        "fields": {
            "action_time": "2023-03-15T04:40:40.837Z",
            "user": 1,
            "content_type": 12,
            "object_id": "1",
            "object_repr": "Rating object (1)",
            "action_flag": 2,
            "change_message": "[]"
        }
    },
    {
        "model": "admin.logentry",
        "pk": 203,
        "fields": {
            "action_time": "2023-03-15T04:41:00.912Z",
            "user": 1,
            "content_type": 12,
            "object_id": "2",
            "object_repr": "Rating object (2)",
            "action_flag": 1,
            "change_message": "[{\"added\": {}}]"
        }
    },
    {
        "model": "admin.logentry",
        "pk": 204,
        "fields": {
            "action_time": "2023-03-15T04:41:17.767Z",
            "user": 1,
            "content_type": 12,
            "object_id": "3",
            "object_repr": "Rating object (3)",
            "action_flag": 1,
            "change_message": "[{\"added\": {}}]"
        }
    },
    {
        "model": "admin.logentry",
        "pk": 205,
        "fields": {
            "action_time": "2023-03-15T04:41:30.401Z",
            "user": 1,
            "content_type": 12,
            "object_id": "4",
            "object_repr": "Rating object (4)",
            "action_flag": 1,
            "change_message": "[{\"added\": {}}]"
        }
    },
    {
        "model": "admin.logentry",
        "pk": 206,
        "fields": {
            "action_time": "2023-03-15T04:41:51.781Z",
            "user": 1,
            "content_type": 12,
            "object_id": "2",
            "object_repr": "Rating object (2)",
            "action_flag": 2,
            "change_message": "[]"
        }
    },
    {
        "model": "admin.logentry",
        "pk": 207,
        "fields": {
            "action_time": "2023-03-15T04:41:57.053Z",
            "user": 1,
            "content_type": 12,
            "object_id": "3",
            "object_repr": "Rating object (3)",
            "action_flag": 2,
            "change_message": "[]"
        }
    },
    {
        "model": "admin.logentry",
        "pk": 208,
        "fields": {
            "action_time": "2023-03-15T04:42:08.583Z",
            "user": 1,
            "content_type": 12,
            "object_id": "4",
            "object_repr": "Rating object (4)",
            "action_flag": 2,
            "change_message": "[{\"changed\": {\"fields\": [\"Reservation\"]}}]"
        }
    },
    {
        "model": "admin.logentry",
        "pk": 209,
        "fields": {
            "action_time": "2023-03-15T04:42:28.940Z",
            "user": 1,
            "content_type": 12,
            "object_id": "5",
            "object_repr": "Rating object (5)",
            "action_flag": 1,
            "change_message": "[{\"added\": {}}]"
        }
    },
    {
        "model": "admin.logentry",
        "pk": 210,
        "fields": {
            "action_time": "2023-03-15T04:42:58.205Z",
            "user": 1,
            "content_type": 12,
            "object_id": "6",
            "object_repr": "Rating object (6)",
            "action_flag": 1,
            "change_message": "[{\"added\": {}}]"
        }
    },
    {
        "model": "admin.logentry",
        "pk": 211,
        "fields": {
            "action_time": "2023-03-15T04:43:15.620Z",
            "user": 1,
            "content_type": 12,
            "object_id": "7",
            "object_repr": "Rating object (7)",
            "action_flag": 1,
            "change_message": "[{\"added\": {}}]"
        }
    },
    {
        "model": "admin.logentry",
        "pk": 212,
        "fields": {
            "action_time": "2023-03-15T04:43:31.217Z",
            "user": 1,
            "content_type": 12,
            "object_id": "8",
            "object_repr": "Rating object (8)",
            "action_flag": 1,
            "change_message": "[{\"added\": {}}]"
        }
    },
    {
        "model": "admin.logentry",
        "pk": 213,
        "fields": {
            "action_time": "2023-03-15T04:43:55.271Z",
            "user": 1,
            "content_type": 12,
            "object_id": "9",
            "object_repr": "Rating object (9)",
            "action_flag": 1,
            "change_message": "[{\"added\": {}}]"
        }
    },
    {
        "model": "admin.logentry",
        "pk": 214,
        "fields": {
            "action_time": "2023-03-15T04:44:22.231Z",
            "user": 1,
            "content_type": 12,
            "object_id": "10",
            "object_repr": "Rating object (10)",
            "action_flag": 1,
            "change_message": "[{\"added\": {}}]"
        }
    },
    {
        "model": "admin.logentry",
        "pk": 215,
        "fields": {
            "action_time": "2023-03-15T04:44:40.837Z",
            "user": 1,
            "content_type": 12,
            "object_id": "11",
            "object_repr": "Rating object (11)",
            "action_flag": 1,
            "change_message": "[{\"added\": {}}]"
        }
    },
    {
        "model": "admin.logentry",
        "pk": 216,
        "fields": {
            "action_time": "2023-03-15T04:44:52.941Z",
            "user": 1,
            "content_type": 12,
            "object_id": "12",
            "object_repr": "Rating object (12)",
            "action_flag": 1,
            "change_message": "[{\"added\": {}}]"
        }
    },
    {
        "model": "admin.logentry",
        "pk": 217,
        "fields": {
            "action_time": "2023-03-15T04:45:07.047Z",
            "user": 1,
            "content_type": 12,
            "object_id": "13",
            "object_repr": "Rating object (13)",
            "action_flag": 1,
            "change_message": "[{\"added\": {}}]"
        }
    },
    {
        "model": "admin.logentry",
        "pk": 218,
        "fields": {
            "action_time": "2023-03-15T04:46:00.805Z",
            "user": 1,
            "content_type": 10,
            "object_id": "1",
            "object_repr": "Comment object (1)",
            "action_flag": 2,
            "change_message": "[]"
        }
    },
    {
        "model": "admin.logentry",
        "pk": 219,
        "fields": {
            "action_time": "2023-03-15T04:46:19.582Z",
            "user": 1,
            "content_type": 10,
            "object_id": "2",
            "object_repr": "Comment object (2)",
            "action_flag": 1,
            "change_message": "[{\"added\": {}}]"
        }
    },
    {
        "model": "admin.logentry",
        "pk": 220,
        "fields": {
            "action_time": "2023-03-15T04:47:06.510Z",
            "user": 1,
            "content_type": 10,
            "object_id": "2",
            "object_repr": "Comment object (2)",
            "action_flag": 2,
            "change_message": "[]"
        }
    },
    {
        "model": "admin.logentry",
        "pk": 221,
        "fields": {
            "action_time": "2023-03-15T04:47:39.829Z",
            "user": 1,
            "content_type": 10,
            "object_id": "3",
            "object_repr": "Comment object (3)",
            "action_flag": 1,
            "change_message": "[{\"added\": {}}]"
        }
    },
    {
        "model": "admin.logentry",
        "pk": 222,
        "fields": {
            "action_time": "2023-03-15T04:48:08.034Z",
            "user": 1,
            "content_type": 10,
            "object_id": "4",
            "object_repr": "Comment object (4)",
            "action_flag": 1,
            "change_message": "[{\"added\": {}}]"
        }
    },
    {
        "model": "admin.logentry",
        "pk": 223,
        "fields": {
            "action_time": "2023-03-15T04:48:25.660Z",
            "user": 1,
            "content_type": 10,
            "object_id": "5",
            "object_repr": "Comment object (5)",
            "action_flag": 1,
            "change_message": "[{\"added\": {}}]"
        }
    },
    {
        "model": "admin.logentry",
        "pk": 224,
        "fields": {
            "action_time": "2023-03-15T04:49:27.107Z",
            "user": 1,
            "content_type": 10,
            "object_id": "6",
            "object_repr": "Comment object (6)",
            "action_flag": 1,
            "change_message": "[{\"added\": {}}]"
        }
    },
    {
        "model": "admin.logentry",
        "pk": 225,
        "fields": {
            "action_time": "2023-03-15T04:50:00.300Z",
            "user": 1,
            "content_type": 10,
            "object_id": "7",
            "object_repr": "Comment object (7)",
            "action_flag": 1,
            "change_message": "[{\"added\": {}}]"
        }
    },
    {
        "model": "admin.logentry",
        "pk": 226,
        "fields": {
            "action_time": "2023-03-15T04:50:20.153Z",
            "user": 1,
            "content_type": 10,
            "object_id": "8",
            "object_repr": "Comment object (8)",
            "action_flag": 1,
            "change_message": "[{\"added\": {}}]"
        }
    },
    {
        "model": "admin.logentry",
        "pk": 227,
        "fields": {
            "action_time": "2023-03-15T04:50:40.464Z",
            "user": 1,
            "content_type": 10,
            "object_id": "9",
            "object_repr": "Comment object (9)",
            "action_flag": 1,
            "change_message": "[{\"added\": {}}]"
        }
    },
    {
        "model": "admin.logentry",
        "pk": 228,
        "fields": {
            "action_time": "2023-03-15T04:51:02.035Z",
            "user": 1,
            "content_type": 10,
            "object_id": "10",
            "object_repr": "Comment object (10)",
            "action_flag": 1,
            "change_message": "[{\"added\": {}}]"
        }
    },
    {
        "model": "admin.logentry",
        "pk": 229,
        "fields": {
            "action_time": "2023-03-15T04:51:20.940Z",
            "user": 1,
            "content_type": 10,
            "object_id": "11",
            "object_repr": "Comment object (11)",
            "action_flag": 1,
            "change_message": "[{\"added\": {}}]"
        }
    },
    {
        "model": "admin.logentry",
        "pk": 230,
        "fields": {
            "action_time": "2023-03-15T04:51:42.517Z",
            "user": 1,
            "content_type": 10,
            "object_id": "12",
            "object_repr": "Comment object (12)",
            "action_flag": 1,
            "change_message": "[{\"added\": {}}]"
        }
    },
    {
        "model": "admin.logentry",
        "pk": 231,
        "fields": {
            "action_time": "2023-03-15T04:51:57.066Z",
            "user": 1,
            "content_type": 10,
            "object_id": "13",
            "object_repr": "Comment object (13)",
            "action_flag": 1,
            "change_message": "[{\"added\": {}}]"
        }
    },
    {
        "model": "admin.logentry",
        "pk": 232,
        "fields": {
            "action_time": "2023-03-15T04:52:29.037Z",
            "user": 1,
            "content_type": 10,
            "object_id": "14",
            "object_repr": "Comment object (14)",
            "action_flag": 1,
            "change_message": "[{\"added\": {}}]"
        }
    },
    {
        "model": "admin.logentry",
        "pk": 233,
        "fields": {
            "action_time": "2023-03-16T17:54:46.597Z",
            "user": 1,
            "content_type": 13,
            "object_id": "33",
            "object_repr": "Reservation object (33)",
            "action_flag": 1,
            "change_message": "[{\"added\": {}}]"
        }
    },
    {
        "model": "admin.logentry",
        "pk": 234,
        "fields": {
            "action_time": "2023-03-16T18:02:36.671Z",
            "user": 1,
            "content_type": 13,
            "object_id": "34",
            "object_repr": "Reservation object (34)",
            "action_flag": 1,
            "change_message": "[{\"added\": {}}]"
        }
    },
    {
        "model": "admin.logentry",
        "pk": 235,
        "fields": {
            "action_time": "2023-03-16T18:10:04.956Z",
            "user": 1,
            "content_type": 13,
            "object_id": "35",
            "object_repr": "Reservation object (35)",
            "action_flag": 1,
            "change_message": "[{\"added\": {}}]"
        }
    },
    {
        "model": "admin.logentry",
        "pk": 236,
        "fields": {
            "action_time": "2023-03-16T18:26:49.703Z",
            "user": 1,
            "content_type": 11,
            "object_id": "1",
            "object_repr": "Notification object (1)",
            "action_flag": 1,
            "change_message": "[{\"added\": {}}]"
        }
    },
    {
        "model": "admin.logentry",
        "pk": 237,
        "fields": {
            "action_time": "2023-03-16T18:26:54.300Z",
            "user": 1,
            "content_type": 11,
            "object_id": "2",
            "object_repr": "Notification object (2)",
            "action_flag": 1,
            "change_message": "[{\"added\": {}}]"
        }
    },
    {
        "model": "admin.logentry",
        "pk": 238,
        "fields": {
            "action_time": "2023-03-16T18:26:59.351Z",
            "user": 1,
            "content_type": 11,
            "object_id": "3",
            "object_repr": "Notification object (3)",
            "action_flag": 1,
            "change_message": "[{\"added\": {}}]"
        }
    },
    {
        "model": "admin.logentry",
        "pk": 239,
        "fields": {
            "action_time": "2023-03-16T18:27:03.236Z",
            "user": 1,
            "content_type": 11,
            "object_id": "4",
            "object_repr": "Notification object (4)",
            "action_flag": 1,
            "change_message": "[{\"added\": {}}]"
        }
    },
    {
        "model": "admin.logentry",
        "pk": 240,
        "fields": {
            "action_time": "2023-03-16T18:27:06.640Z",
            "user": 1,
            "content_type": 11,
            "object_id": "5",
            "object_repr": "Notification object (5)",
            "action_flag": 1,
            "change_message": "[{\"added\": {}}]"
        }
    },
    {
        "model": "admin.logentry",
        "pk": 241,
        "fields": {
            "action_time": "2023-03-16T18:27:11.525Z",
            "user": 1,
            "content_type": 11,
            "object_id": "6",
            "object_repr": "Notification object (6)",
            "action_flag": 1,
            "change_message": "[{\"added\": {}}]"
        }
    },
    {
        "model": "admin.logentry",
        "pk": 242,
        "fields": {
            "action_time": "2023-03-16T18:27:15.190Z",
            "user": 1,
            "content_type": 11,
            "object_id": "7",
            "object_repr": "Notification object (7)",
            "action_flag": 1,
            "change_message": "[{\"added\": {}}]"
        }
    },
    {
        "model": "admin.logentry",
        "pk": 243,
        "fields": {
            "action_time": "2023-03-16T18:27:18.381Z",
            "user": 1,
            "content_type": 11,
            "object_id": "8",
            "object_repr": "Notification object (8)",
            "action_flag": 1,
            "change_message": "[{\"added\": {}}]"
        }
    },
    {
        "model": "admin.logentry",
        "pk": 244,
        "fields": {
            "action_time": "2023-03-16T18:27:21.949Z",
            "user": 1,
            "content_type": 11,
            "object_id": "9",
            "object_repr": "Notification object (9)",
            "action_flag": 1,
            "change_message": "[{\"added\": {}}]"
        }
    },
    {
        "model": "admin.logentry",
        "pk": 245,
        "fields": {
            "action_time": "2023-03-16T18:27:25.487Z",
            "user": 1,
            "content_type": 11,
            "object_id": "10",
            "object_repr": "Notification object (10)",
            "action_flag": 1,
            "change_message": "[{\"added\": {}}]"
        }
    },
    {
        "model": "admin.logentry",
        "pk": 246,
        "fields": {
            "action_time": "2023-03-16T18:27:28.889Z",
            "user": 1,
            "content_type": 11,
            "object_id": "11",
            "object_repr": "Notification object (11)",
            "action_flag": 1,
            "change_message": "[{\"added\": {}}]"
        }
    },
    {
        "model": "admin.logentry",
        "pk": 247,
        "fields": {
            "action_time": "2023-03-16T18:27:32.560Z",
            "user": 1,
            "content_type": 11,
            "object_id": "12",
            "object_repr": "Notification object (12)",
            "action_flag": 1,
            "change_message": "[{\"added\": {}}]"
        }
    },
    {
        "model": "admin.logentry",
        "pk": 248,
        "fields": {
            "action_time": "2023-03-16T18:27:35.981Z",
            "user": 1,
            "content_type": 11,
            "object_id": "13",
            "object_repr": "Notification object (13)",
            "action_flag": 1,
            "change_message": "[{\"added\": {}}]"
        }
    },
    {
        "model": "admin.logentry",
        "pk": 249,
        "fields": {
            "action_time": "2023-03-16T18:29:21.381Z",
            "user": 1,
            "content_type": 11,
            "object_id": "14",
            "object_repr": "Notification object (14)",
            "action_flag": 1,
            "change_message": "[{\"added\": {}}]"
        }
    },
    {
        "model": "admin.logentry",
        "pk": 250,
        "fields": {
            "action_time": "2023-03-16T18:29:33.011Z",
            "user": 1,
            "content_type": 11,
            "object_id": "15",
            "object_repr": "Notification object (15)",
            "action_flag": 1,
            "change_message": "[{\"added\": {}}]"
        }
    },
    {
        "model": "admin.logentry",
        "pk": 251,
        "fields": {
            "action_time": "2023-03-16T18:39:53.773Z",
            "user": 1,
            "content_type": 13,
            "object_id": "35",
            "object_repr": "Reservation object (35)",
            "action_flag": 2,
            "change_message": "[]"
        }
    },
    {
        "model": "admin.logentry",
        "pk": 252,
        "fields": {
            "action_time": "2023-03-16T18:40:13.343Z",
            "user": 1,
            "content_type": 13,
            "object_id": "36",
            "object_repr": "Reservation object (36)",
            "action_flag": 1,
            "change_message": "[{\"added\": {}}]"
        }
    },
    {
        "model": "admin.logentry",
        "pk": 253,
        "fields": {
            "action_time": "2023-03-16T18:40:46.990Z",
            "user": 1,
            "content_type": 10,
            "object_id": "15",
            "object_repr": "Comment object (15)",
            "action_flag": 1,
            "change_message": "[{\"added\": {}}]"
        }
    },
    {
        "model": "admin.logentry",
        "pk": 254,
        "fields": {
            "action_time": "2023-03-16T18:40:52.110Z",
            "user": 1,
            "content_type": 13,
            "object_id": "36",
            "object_repr": "Reservation object (36)",
            "action_flag": 2,
            "change_message": "[]"
        }
    },
    {
        "model": "admin.logentry",
        "pk": 255,
        "fields": {
            "action_time": "2023-03-16T18:41:07.672Z",
            "user": 1,
            "content_type": 13,
            "object_id": "37",
            "object_repr": "Reservation object (37)",
            "action_flag": 1,
            "change_message": "[{\"added\": {}}]"
        }
    },
    {
        "model": "admin.logentry",
        "pk": 256,
        "fields": {
            "action_time": "2023-03-16T18:41:20.956Z",
            "user": 1,
            "content_type": 10,
            "object_id": "16",
            "object_repr": "Comment object (16)",
            "action_flag": 1,
            "change_message": "[{\"added\": {}}]"
        }
    },
    {
        "model": "admin.logentry",
        "pk": 257,
        "fields": {
            "action_time": "2023-03-16T18:41:33.069Z",
            "user": 1,
            "content_type": 13,
            "object_id": "38",
            "object_repr": "Reservation object (38)",
            "action_flag": 1,
            "change_message": "[{\"added\": {}}]"
        }
    },
    {
        "model": "admin.logentry",
        "pk": 258,
        "fields": {
            "action_time": "2023-03-16T18:41:49.311Z",
            "user": 1,
            "content_type": 10,
            "object_id": "17",
            "object_repr": "Comment object (17)",
            "action_flag": 1,
            "change_message": "[{\"added\": {}}]"
        }
    },
    {
        "model": "admin.logentry",
        "pk": 259,
        "fields": {
            "action_time": "2023-03-16T18:42:11.927Z",
            "user": 1,
            "content_type": 13,
            "object_id": "39",
            "object_repr": "Reservation object (39)",
            "action_flag": 1,
            "change_message": "[{\"added\": {}}]"
        }
    },
    {
        "model": "admin.logentry",
        "pk": 260,
        "fields": {
            "action_time": "2023-03-16T18:42:24.994Z",
            "user": 1,
            "content_type": 10,
            "object_id": "18",
            "object_repr": "Comment object (18)",
            "action_flag": 1,
            "change_message": "[{\"added\": {}}]"
        }
    },
    {
        "model": "admin.logentry",
        "pk": 261,
        "fields": {
            "action_time": "2023-03-16T18:42:34.307Z",
            "user": 1,
            "content_type": 13,
            "object_id": "40",
            "object_repr": "Reservation object (40)",
            "action_flag": 1,
            "change_message": "[{\"added\": {}}]"
        }
    },
    {
        "model": "admin.logentry",
        "pk": 262,
        "fields": {
            "action_time": "2023-03-16T18:42:45.547Z",
            "user": 1,
            "content_type": 10,
            "object_id": "19",
            "object_repr": "Comment object (19)",
            "action_flag": 1,
            "change_message": "[{\"added\": {}}]"
        }
    },
    {
        "model": "admin.logentry",
        "pk": 263,
        "fields": {
            "action_time": "2023-03-16T18:42:59.911Z",
            "user": 1,
            "content_type": 13,
            "object_id": "41",
            "object_repr": "Reservation object (41)",
            "action_flag": 1,
            "change_message": "[{\"added\": {}}]"
        }
    },
    {
        "model": "admin.logentry",
        "pk": 264,
        "fields": {
            "action_time": "2023-03-16T18:43:10.031Z",
            "user": 1,
            "content_type": 10,
            "object_id": "20",
            "object_repr": "Comment object (20)",
            "action_flag": 1,
            "change_message": "[{\"added\": {}}]"
        }
    },
    {
        "model": "admin.logentry",
        "pk": 265,
        "fields": {
            "action_time": "2023-03-16T18:43:30.239Z",
            "user": 1,
            "content_type": 13,
            "object_id": "42",
            "object_repr": "Reservation object (42)",
            "action_flag": 1,
            "change_message": "[{\"added\": {}}]"
        }
    },
    {
        "model": "admin.logentry",
        "pk": 266,
        "fields": {
            "action_time": "2023-03-16T18:43:58.980Z",
            "user": 1,
            "content_type": 10,
            "object_id": "21",
            "object_repr": "Comment object (21)",
            "action_flag": 1,
            "change_message": "[{\"added\": {}}]"
        }
    },
    {
        "model": "admin.logentry",
        "pk": 267,
        "fields": {
            "action_time": "2023-03-16T18:44:13.389Z",
            "user": 1,
            "content_type": 13,
            "object_id": "43",
            "object_repr": "Reservation object (43)",
            "action_flag": 1,
            "change_message": "[{\"added\": {}}]"
        }
    },
    {
        "model": "admin.logentry",
        "pk": 268,
        "fields": {
            "action_time": "2023-03-16T18:44:24.335Z",
            "user": 1,
            "content_type": 10,
            "object_id": "22",
            "object_repr": "Comment object (22)",
            "action_flag": 1,
            "change_message": "[{\"added\": {}}]"
        }
    },
    {
        "model": "admin.logentry",
        "pk": 269,
        "fields": {
            "action_time": "2023-03-16T18:44:45.467Z",
            "user": 1,
            "content_type": 13,
            "object_id": "44",
            "object_repr": "Reservation object (44)",
            "action_flag": 1,
            "change_message": "[{\"added\": {}}]"
        }
    },
    {
        "model": "admin.logentry",
        "pk": 270,
        "fields": {
            "action_time": "2023-03-16T18:44:57.482Z",
            "user": 1,
            "content_type": 10,
            "object_id": "23",
            "object_repr": "Comment object (23)",
            "action_flag": 1,
            "change_message": "[{\"added\": {}}]"
        }
    },
    {
        "model": "admin.logentry",
        "pk": 271,
        "fields": {
            "action_time": "2023-03-16T18:46:47.744Z",
            "user": 1,
            "content_type": 10,
            "object_id": "24",
            "object_repr": "Comment object (24)",
            "action_flag": 1,
            "change_message": "[{\"added\": {}}]"
        }
    },
    {
        "model": "admin.logentry",
        "pk": 272,
        "fields": {
            "action_time": "2023-03-16T18:47:24.096Z",
            "user": 1,
            "content_type": 10,
            "object_id": "25",
            "object_repr": "Comment object (25)",
            "action_flag": 1,
            "change_message": "[{\"added\": {}}]"
        }
    },
    {
        "model": "admin.logentry",
        "pk": 273,
        "fields": {
            "action_time": "2023-03-16T18:47:40.039Z",
            "user": 1,
            "content_type": 10,
            "object_id": "26",
            "object_repr": "Comment object (26)",
            "action_flag": 1,
            "change_message": "[{\"added\": {}}]"
        }
    },
    {
        "model": "admin.logentry",
        "pk": 274,
        "fields": {
            "action_time": "2023-03-16T18:48:26.609Z",
            "user": 1,
            "content_type": 10,
            "object_id": "24",
            "object_repr": "Comment object (24)",
            "action_flag": 2,
            "change_message": "[{\"changed\": {\"fields\": [\"Receiver type\", \"Receiver id\"]}}]"
        }
    },
    {
        "model": "admin.logentry",
        "pk": 275,
        "fields": {
            "action_time": "2023-03-16T18:48:39.722Z",
            "user": 1,
            "content_type": 10,
            "object_id": "27",
            "object_repr": "Comment object (27)",
            "action_flag": 1,
            "change_message": "[{\"added\": {}}]"
        }
    },
    {
        "model": "admin.logentry",
        "pk": 276,
        "fields": {
            "action_time": "2023-03-16T18:49:53.640Z",
            "user": 1,
            "content_type": 10,
            "object_id": "25",
            "object_repr": "Comment object (25)",
            "action_flag": 2,
            "change_message": "[{\"changed\": {\"fields\": [\"Commenter\"]}}]"
        }
    },
    {
        "model": "admin.logentry",
        "pk": 277,
        "fields": {
            "action_time": "2023-03-16T18:49:59.436Z",
            "user": 1,
            "content_type": 10,
            "object_id": "26",
            "object_repr": "Comment object (26)",
            "action_flag": 2,
            "change_message": "[{\"changed\": {\"fields\": [\"Commenter\"]}}]"
        }
    },
    {
        "model": "admin.logentry",
        "pk": 278,
        "fields": {
            "action_time": "2023-03-16T18:50:19.208Z",
            "user": 1,
            "content_type": 10,
            "object_id": "27",
            "object_repr": "Comment object (27)",
            "action_flag": 2,
            "change_message": "[{\"changed\": {\"fields\": [\"Commenter\"]}}]"
        }
    },
    {
        "model": "admin.logentry",
        "pk": 279,
        "fields": {
            "action_time": "2023-03-16T18:53:13.015Z",
            "user": 1,
            "content_type": 12,
            "object_id": "14",
            "object_repr": "Rating object (14)",
            "action_flag": 1,
            "change_message": "[{\"added\": {}}]"
        }
    },
    {
        "model": "admin.logentry",
        "pk": 280,
        "fields": {
            "action_time": "2023-03-16T19:07:00.189Z",
            "user": 1,
            "content_type": 10,
            "object_id": "28",
            "object_repr": "Comment object (28)",
            "action_flag": 1,
            "change_message": "[{\"added\": {}}]"
        }
    },
    {
        "model": "admin.logentry",
        "pk": 281,
        "fields": {
            "action_time": "2023-03-24T19:37:49.900Z",
            "user": 1,
            "content_type": 11,
            "object_id": "1",
            "object_repr": "Notification object (1)",
            "action_flag": 2,
            "change_message": "[{\"changed\": {\"fields\": [\"Reservation\"]}}]"
        }
    },
    {
        "model": "admin.logentry",
        "pk": 282,
        "fields": {
            "action_time": "2023-03-24T19:37:56.762Z",
            "user": 1,
            "content_type": 11,
            "object_id": "2",
            "object_repr": "Notification object (2)",
            "action_flag": 2,
            "change_message": "[{\"changed\": {\"fields\": [\"Reservation\"]}}]"
        }
    },
    {
        "model": "admin.logentry",
        "pk": 283,
        "fields": {
            "action_time": "2023-03-24T19:38:29.273Z",
            "user": 1,
            "content_type": 11,
            "object_id": "3",
            "object_repr": "Notification object (3)",
            "action_flag": 2,
            "change_message": "[{\"changed\": {\"fields\": [\"Reservation\"]}}]"
        }
    },
    {
        "model": "admin.logentry",
        "pk": 284,
        "fields": {
            "action_time": "2023-03-24T19:38:44.562Z",
            "user": 1,
            "content_type": 11,
            "object_id": "4",
            "object_repr": "Notification object (4)",
            "action_flag": 2,
            "change_message": "[{\"changed\": {\"fields\": [\"Reservation\"]}}]"
        }
    },
    {
        "model": "admin.logentry",
        "pk": 285,
        "fields": {
            "action_time": "2023-03-24T19:39:10.754Z",
            "user": 1,
            "content_type": 11,
            "object_id": "5",
            "object_repr": "Notification object (5)",
            "action_flag": 2,
            "change_message": "[{\"changed\": {\"fields\": [\"Reservation\"]}}]"
        }
    },
    {
        "model": "admin.logentry",
        "pk": 286,
        "fields": {
            "action_time": "2023-03-24T19:39:17.103Z",
            "user": 1,
            "content_type": 11,
            "object_id": "6",
            "object_repr": "Notification object (6)",
            "action_flag": 2,
            "change_message": "[{\"changed\": {\"fields\": [\"Reservation\"]}}]"
        }
    },
    {
        "model": "admin.logentry",
        "pk": 287,
        "fields": {
            "action_time": "2023-03-24T19:39:24.774Z",
            "user": 1,
            "content_type": 11,
            "object_id": "7",
            "object_repr": "Notification object (7)",
            "action_flag": 2,
            "change_message": "[{\"changed\": {\"fields\": [\"Reservation\"]}}]"
        }
    },
    {
        "model": "admin.logentry",
        "pk": 288,
        "fields": {
            "action_time": "2023-03-24T19:39:32.969Z",
            "user": 1,
            "content_type": 11,
            "object_id": "8",
            "object_repr": "Notification object (8)",
            "action_flag": 2,
            "change_message": "[{\"changed\": {\"fields\": [\"Reservation\"]}}]"
        }
    },
    {
        "model": "admin.logentry",
        "pk": 289,
        "fields": {
            "action_time": "2023-03-24T19:39:51.789Z",
            "user": 1,
            "content_type": 11,
            "object_id": "9",
            "object_repr": "Notification object (9)",
            "action_flag": 2,
            "change_message": "[{\"changed\": {\"fields\": [\"Reservation\"]}}]"
        }
    },
    {
        "model": "admin.logentry",
        "pk": 290,
        "fields": {
            "action_time": "2023-03-24T19:39:56.957Z",
            "user": 1,
            "content_type": 11,
            "object_id": "9",
            "object_repr": "Notification object (9)",
            "action_flag": 2,
            "change_message": "[]"
        }
    },
    {
        "model": "admin.logentry",
        "pk": 291,
        "fields": {
            "action_time": "2023-03-24T19:40:07.251Z",
            "user": 1,
            "content_type": 11,
            "object_id": "10",
            "object_repr": "Notification object (10)",
            "action_flag": 2,
            "change_message": "[{\"changed\": {\"fields\": [\"Reservation\"]}}]"
        }
    },
    {
        "model": "admin.logentry",
        "pk": 292,
        "fields": {
            "action_time": "2023-03-24T19:40:14.506Z",
            "user": 1,
            "content_type": 11,
            "object_id": "11",
            "object_repr": "Notification object (11)",
            "action_flag": 2,
            "change_message": "[{\"changed\": {\"fields\": [\"Reservation\"]}}]"
        }
    },
    {
        "model": "admin.logentry",
        "pk": 293,
        "fields": {
            "action_time": "2023-03-24T19:40:24.079Z",
            "user": 1,
            "content_type": 11,
            "object_id": "12",
            "object_repr": "Notification object (12)",
            "action_flag": 2,
            "change_message": "[{\"changed\": {\"fields\": [\"Reservation\"]}}]"
        }
    },
    {
        "model": "admin.logentry",
        "pk": 294,
        "fields": {
            "action_time": "2023-03-24T19:40:35.917Z",
            "user": 1,
            "content_type": 11,
            "object_id": "13",
            "object_repr": "Notification object (13)",
            "action_flag": 2,
            "change_message": "[{\"changed\": {\"fields\": [\"Reservation\"]}}]"
        }
    },
    {
        "model": "admin.logentry",
        "pk": 295,
        "fields": {
            "action_time": "2023-03-24T19:42:05.746Z",
            "user": 1,
            "content_type": 11,
            "object_id": "14",
            "object_repr": "Notification object (14)",
            "action_flag": 2,
            "change_message": "[{\"changed\": {\"fields\": [\"Reservation\"]}}]"
        }
    },
    {
        "model": "admin.logentry",
        "pk": 296,
        "fields": {
            "action_time": "2023-03-24T19:43:15.008Z",
            "user": 1,
            "content_type": 11,
            "object_id": "15",
            "object_repr": "Notification object (15)",
            "action_flag": 2,
            "change_message": "[{\"changed\": {\"fields\": [\"Reservation\"]}}]"
        }
    },
    {
        "model": "admin.logentry",
        "pk": 297,
        "fields": {
            "action_time": "2023-03-24T19:43:16.892Z",
            "user": 1,
            "content_type": 11,
            "object_id": "15",
            "object_repr": "Notification object (15)",
            "action_flag": 2,
            "change_message": "[]"
        }
    },
    {
        "model": "admin.logentry",
        "pk": 298,
        "fields": {
            "action_time": "2023-04-13T14:59:33.570Z",
            "user": 1,
            "content_type": 7,
            "object_id": "22",
            "object_repr": "PropertyImages object (22)",
            "action_flag": 1,
            "change_message": "[{\"added\": {}}]"
        }
    },
    {
        "model": "admin.logentry",
        "pk": 299,
        "fields": {
            "action_time": "2023-04-13T14:59:46.457Z",
            "user": 1,
            "content_type": 7,
            "object_id": "23",
            "object_repr": "PropertyImages object (23)",
            "action_flag": 1,
            "change_message": "[{\"added\": {}}]"
        }
    },
    {
        "model": "admin.logentry",
        "pk": 300,
        "fields": {
            "action_time": "2023-04-13T14:59:50.990Z",
            "user": 1,
            "content_type": 7,
            "object_id": "24",
            "object_repr": "PropertyImages object (24)",
            "action_flag": 1,
            "change_message": "[{\"added\": {}}]"
        }
    },
    {
        "model": "admin.logentry",
        "pk": 301,
        "fields": {
            "action_time": "2023-04-13T14:59:55.541Z",
            "user": 1,
            "content_type": 7,
            "object_id": "25",
            "object_repr": "PropertyImages object (25)",
            "action_flag": 1,
            "change_message": "[{\"added\": {}}]"
        }
    },
    {
        "model": "admin.logentry",
        "pk": 302,
        "fields": {
            "action_time": "2023-04-13T15:00:00.041Z",
            "user": 1,
            "content_type": 7,
            "object_id": "26",
            "object_repr": "PropertyImages object (26)",
            "action_flag": 1,
            "change_message": "[{\"added\": {}}]"
        }
    },
    {
        "model": "admin.logentry",
        "pk": 303,
        "fields": {
            "action_time": "2023-04-13T15:00:05.867Z",
            "user": 1,
            "content_type": 7,
            "object_id": "27",
            "object_repr": "PropertyImages object (27)",
            "action_flag": 1,
            "change_message": "[{\"added\": {}}]"
        }
    },
    {
        "model": "admin.logentry",
        "pk": 304,
        "fields": {
            "action_time": "2023-04-13T15:00:11.618Z",
            "user": 1,
            "content_type": 7,
            "object_id": "28",
            "object_repr": "PropertyImages object (28)",
            "action_flag": 1,
            "change_message": "[{\"added\": {}}]"
        }
    },
    {
        "model": "admin.logentry",
        "pk": 305,
        "fields": {
            "action_time": "2023-04-13T15:00:16.642Z",
            "user": 1,
            "content_type": 7,
            "object_id": "29",
            "object_repr": "PropertyImages object (29)",
            "action_flag": 1,
            "change_message": "[{\"added\": {}}]"
        }
    },
    {
        "model": "admin.logentry",
        "pk": 306,
        "fields": {
            "action_time": "2023-04-13T15:00:21.625Z",
            "user": 1,
            "content_type": 7,
            "object_id": "30",
            "object_repr": "PropertyImages object (30)",
            "action_flag": 1,
            "change_message": "[{\"added\": {}}]"
        }
    },
    {
        "model": "admin.logentry",
        "pk": 307,
        "fields": {
            "action_time": "2023-04-13T15:00:28.171Z",
            "user": 1,
            "content_type": 7,
            "object_id": "31",
            "object_repr": "PropertyImages object (31)",
            "action_flag": 1,
            "change_message": "[{\"added\": {}}]"
        }
    },
    {
        "model": "admin.logentry",
        "pk": 308,
        "fields": {
            "action_time": "2023-04-13T15:00:34.222Z",
            "user": 1,
            "content_type": 7,
            "object_id": "32",
            "object_repr": "PropertyImages object (32)",
            "action_flag": 1,
            "change_message": "[{\"added\": {}}]"
        }
    },
    {
        "model": "admin.logentry",
        "pk": 309,
        "fields": {
            "action_time": "2023-04-13T15:00:39.925Z",
            "user": 1,
            "content_type": 7,
            "object_id": "33",
            "object_repr": "PropertyImages object (33)",
            "action_flag": 1,
            "change_message": "[{\"added\": {}}]"
        }
    },
    {
        "model": "admin.logentry",
        "pk": 310,
        "fields": {
            "action_time": "2023-04-13T15:00:44.939Z",
            "user": 1,
            "content_type": 7,
            "object_id": "34",
            "object_repr": "PropertyImages object (34)",
            "action_flag": 1,
            "change_message": "[{\"added\": {}}]"
        }
    },
    {
        "model": "admin.logentry",
        "pk": 311,
        "fields": {
            "action_time": "2023-04-13T15:00:49.799Z",
            "user": 1,
            "content_type": 7,
            "object_id": "35",
            "object_repr": "PropertyImages object (35)",
            "action_flag": 1,
            "change_message": "[{\"added\": {}}]"
        }
    },
    {
        "model": "admin.logentry",
        "pk": 312,
        "fields": {
            "action_time": "2023-04-13T15:00:55.598Z",
            "user": 1,
            "content_type": 7,
            "object_id": "36",
            "object_repr": "PropertyImages object (36)",
            "action_flag": 1,
            "change_message": "[{\"added\": {}}]"
        }
    },
    {
        "model": "admin.logentry",
        "pk": 313,
        "fields": {
            "action_time": "2023-04-13T15:01:03.807Z",
            "user": 1,
            "content_type": 7,
            "object_id": "37",
            "object_repr": "PropertyImages object (37)",
            "action_flag": 1,
            "change_message": "[{\"added\": {}}]"
        }
    },
    {
        "model": "admin.logentry",
        "pk": 314,
        "fields": {
            "action_time": "2023-04-13T15:01:50.133Z",
            "user": 1,
            "content_type": 7,
            "object_id": "38",
            "object_repr": "PropertyImages object (38)",
            "action_flag": 1,
            "change_message": "[{\"added\": {}}]"
        }
    },
    {
        "model": "admin.logentry",
        "pk": 315,
        "fields": {
            "action_time": "2023-04-13T15:01:57.154Z",
            "user": 1,
            "content_type": 7,
            "object_id": "39",
            "object_repr": "PropertyImages object (39)",
            "action_flag": 1,
            "change_message": "[{\"added\": {}}]"
        }
    },
    {
        "model": "admin.logentry",
        "pk": 316,
        "fields": {
            "action_time": "2023-04-13T15:02:03.814Z",
            "user": 1,
            "content_type": 7,
            "object_id": "40",
            "object_repr": "PropertyImages object (40)",
            "action_flag": 1,
            "change_message": "[{\"added\": {}}]"
        }
    },
    {
        "model": "admin.logentry",
        "pk": 317,
        "fields": {
            "action_time": "2023-04-13T15:02:09.461Z",
            "user": 1,
            "content_type": 7,
            "object_id": "41",
            "object_repr": "PropertyImages object (41)",
            "action_flag": 1,
            "change_message": "[{\"added\": {}}]"
        }
    },
    {
        "model": "admin.logentry",
        "pk": 318,
        "fields": {
            "action_time": "2023-04-13T15:02:15.424Z",
            "user": 1,
            "content_type": 7,
            "object_id": "42",
            "object_repr": "PropertyImages object (42)",
            "action_flag": 1,
            "change_message": "[{\"added\": {}}]"
        }
    },
    {
        "model": "admin.logentry",
        "pk": 319,
        "fields": {
            "action_time": "2023-04-13T15:02:21.468Z",
            "user": 1,
            "content_type": 7,
            "object_id": "43",
            "object_repr": "PropertyImages object (43)",
            "action_flag": 1,
            "change_message": "[{\"added\": {}}]"
        }
    },
    {
        "model": "admin.logentry",
        "pk": 320,
        "fields": {
            "action_time": "2023-04-13T15:02:27.075Z",
            "user": 1,
            "content_type": 7,
            "object_id": "44",
            "object_repr": "PropertyImages object (44)",
            "action_flag": 1,
            "change_message": "[{\"added\": {}}]"
        }
    },
    {
        "model": "admin.logentry",
        "pk": 321,
        "fields": {
            "action_time": "2023-04-13T15:02:33.206Z",
            "user": 1,
            "content_type": 7,
            "object_id": "45",
            "object_repr": "PropertyImages object (45)",
            "action_flag": 1,
            "change_message": "[{\"added\": {}}]"
        }
    },
    {
        "model": "admin.logentry",
        "pk": 322,
        "fields": {
            "action_time": "2023-04-13T15:03:41.701Z",
            "user": 1,
            "content_type": 10,
            "object_id": "30",
            "object_repr": "Comment object (30)",
            "action_flag": 1,
            "change_message": "[{\"added\": {}}]"
        }
    },
    {
        "model": "admin.logentry",
        "pk": 323,
        "fields": {
            "action_time": "2023-04-13T15:03:52.644Z",
            "user": 1,
            "content_type": 10,
            "object_id": "31",
            "object_repr": "Comment object (31)",
            "action_flag": 1,
            "change_message": "[{\"added\": {}}]"
        }
    },
    {
        "model": "auth.permission",
        "pk": 1,
        "fields": {
            "name": "Can add log entry",
            "content_type": 1,
            "codename": "add_logentry"
        }
    },
    {
        "model": "auth.permission",
        "pk": 2,
        "fields": {
            "name": "Can change log entry",
            "content_type": 1,
            "codename": "change_logentry"
        }
    },
    {
        "model": "auth.permission",
        "pk": 3,
        "fields": {
            "name": "Can delete log entry",
            "content_type": 1,
            "codename": "delete_logentry"
        }
    },
    {
        "model": "auth.permission",
        "pk": 4,
        "fields": {
            "name": "Can view log entry",
            "content_type": 1,
            "codename": "view_logentry"
        }
    },
    {
        "model": "auth.permission",
        "pk": 5,
        "fields": {
            "name": "Can add permission",
            "content_type": 2,
            "codename": "add_permission"
        }
    },
    {
        "model": "auth.permission",
        "pk": 6,
        "fields": {
            "name": "Can change permission",
            "content_type": 2,
            "codename": "change_permission"
        }
    },
    {
        "model": "auth.permission",
        "pk": 7,
        "fields": {
            "name": "Can delete permission",
            "content_type": 2,
            "codename": "delete_permission"
        }
    },
    {
        "model": "auth.permission",
        "pk": 8,
        "fields": {
            "name": "Can view permission",
            "content_type": 2,
            "codename": "view_permission"
        }
    },
    {
        "model": "auth.permission",
        "pk": 9,
        "fields": {
            "name": "Can add group",
            "content_type": 3,
            "codename": "add_group"
        }
    },
    {
        "model": "auth.permission",
        "pk": 10,
        "fields": {
            "name": "Can change group",
            "content_type": 3,
            "codename": "change_group"
        }
    },
    {
        "model": "auth.permission",
        "pk": 11,
        "fields": {
            "name": "Can delete group",
            "content_type": 3,
            "codename": "delete_group"
        }
    },
    {
        "model": "auth.permission",
        "pk": 12,
        "fields": {
            "name": "Can view group",
            "content_type": 3,
            "codename": "view_group"
        }
    },
    {
        "model": "auth.permission",
        "pk": 13,
        "fields": {
            "name": "Can add content type",
            "content_type": 4,
            "codename": "add_contenttype"
        }
    },
    {
        "model": "auth.permission",
        "pk": 14,
        "fields": {
            "name": "Can change content type",
            "content_type": 4,
            "codename": "change_contenttype"
        }
    },
    {
        "model": "auth.permission",
        "pk": 15,
        "fields": {
            "name": "Can delete content type",
            "content_type": 4,
            "codename": "delete_contenttype"
        }
    },
    {
        "model": "auth.permission",
        "pk": 16,
        "fields": {
            "name": "Can view content type",
            "content_type": 4,
            "codename": "view_contenttype"
        }
    },
    {
        "model": "auth.permission",
        "pk": 17,
        "fields": {
            "name": "Can add session",
            "content_type": 5,
            "codename": "add_session"
        }
    },
    {
        "model": "auth.permission",
        "pk": 18,
        "fields": {
            "name": "Can change session",
            "content_type": 5,
            "codename": "change_session"
        }
    },
    {
        "model": "auth.permission",
        "pk": 19,
        "fields": {
            "name": "Can delete session",
            "content_type": 5,
            "codename": "delete_session"
        }
    },
    {
        "model": "auth.permission",
        "pk": 20,
        "fields": {
            "name": "Can view session",
            "content_type": 5,
            "codename": "view_session"
        }
    },
    {
        "model": "auth.permission",
        "pk": 21,
        "fields": {
            "name": "Can add property",
            "content_type": 6,
            "codename": "add_property"
        }
    },
    {
        "model": "auth.permission",
        "pk": 22,
        "fields": {
            "name": "Can change property",
            "content_type": 6,
            "codename": "change_property"
        }
    },
    {
        "model": "auth.permission",
        "pk": 23,
        "fields": {
            "name": "Can delete property",
            "content_type": 6,
            "codename": "delete_property"
        }
    },
    {
        "model": "auth.permission",
        "pk": 24,
        "fields": {
            "name": "Can view property",
            "content_type": 6,
            "codename": "view_property"
        }
    },
    {
        "model": "auth.permission",
        "pk": 25,
        "fields": {
            "name": "Can add property images",
            "content_type": 7,
            "codename": "add_propertyimages"
        }
    },
    {
        "model": "auth.permission",
        "pk": 26,
        "fields": {
            "name": "Can change property images",
            "content_type": 7,
            "codename": "change_propertyimages"
        }
    },
    {
        "model": "auth.permission",
        "pk": 27,
        "fields": {
            "name": "Can delete property images",
            "content_type": 7,
            "codename": "delete_propertyimages"
        }
    },
    {
        "model": "auth.permission",
        "pk": 28,
        "fields": {
            "name": "Can view property images",
            "content_type": 7,
            "codename": "view_propertyimages"
        }
    },
    {
        "model": "auth.permission",
        "pk": 29,
        "fields": {
            "name": "Can add property amenities",
            "content_type": 8,
            "codename": "add_propertyamenities"
        }
    },
    {
        "model": "auth.permission",
        "pk": 30,
        "fields": {
            "name": "Can change property amenities",
            "content_type": 8,
            "codename": "change_propertyamenities"
        }
    },
    {
        "model": "auth.permission",
        "pk": 31,
        "fields": {
            "name": "Can delete property amenities",
            "content_type": 8,
            "codename": "delete_propertyamenities"
        }
    },
    {
        "model": "auth.permission",
        "pk": 32,
        "fields": {
            "name": "Can view property amenities",
            "content_type": 8,
            "codename": "view_propertyamenities"
        }
    },
    {
        "model": "auth.permission",
        "pk": 33,
        "fields": {
            "name": "Can add user",
            "content_type": 9,
            "codename": "add_restifyuser"
        }
    },
    {
        "model": "auth.permission",
        "pk": 34,
        "fields": {
            "name": "Can change user",
            "content_type": 9,
            "codename": "change_restifyuser"
        }
    },
    {
        "model": "auth.permission",
        "pk": 35,
        "fields": {
            "name": "Can delete user",
            "content_type": 9,
            "codename": "delete_restifyuser"
        }
    },
    {
        "model": "auth.permission",
        "pk": 36,
        "fields": {
            "name": "Can view user",
            "content_type": 9,
            "codename": "view_restifyuser"
        }
    },
    {
        "model": "auth.permission",
        "pk": 37,
        "fields": {
            "name": "Can add comment",
            "content_type": 10,
            "codename": "add_comment"
        }
    },
    {
        "model": "auth.permission",
        "pk": 38,
        "fields": {
            "name": "Can change comment",
            "content_type": 10,
            "codename": "change_comment"
        }
    },
    {
        "model": "auth.permission",
        "pk": 39,
        "fields": {
            "name": "Can delete comment",
            "content_type": 10,
            "codename": "delete_comment"
        }
    },
    {
        "model": "auth.permission",
        "pk": 40,
        "fields": {
            "name": "Can view comment",
            "content_type": 10,
            "codename": "view_comment"
        }
    },
    {
        "model": "auth.permission",
        "pk": 41,
        "fields": {
            "name": "Can add notification",
            "content_type": 11,
            "codename": "add_notification"
        }
    },
    {
        "model": "auth.permission",
        "pk": 42,
        "fields": {
            "name": "Can change notification",
            "content_type": 11,
            "codename": "change_notification"
        }
    },
    {
        "model": "auth.permission",
        "pk": 43,
        "fields": {
            "name": "Can delete notification",
            "content_type": 11,
            "codename": "delete_notification"
        }
    },
    {
        "model": "auth.permission",
        "pk": 44,
        "fields": {
            "name": "Can view notification",
            "content_type": 11,
            "codename": "view_notification"
        }
    },
    {
        "model": "auth.permission",
        "pk": 45,
        "fields": {
            "name": "Can add rating",
            "content_type": 12,
            "codename": "add_rating"
        }
    },
    {
        "model": "auth.permission",
        "pk": 46,
        "fields": {
            "name": "Can change rating",
            "content_type": 12,
            "codename": "change_rating"
        }
    },
    {
        "model": "auth.permission",
        "pk": 47,
        "fields": {
            "name": "Can delete rating",
            "content_type": 12,
            "codename": "delete_rating"
        }
    },
    {
        "model": "auth.permission",
        "pk": 48,
        "fields": {
            "name": "Can view rating",
            "content_type": 12,
            "codename": "view_rating"
        }
    },
    {
        "model": "auth.permission",
        "pk": 49,
        "fields": {
            "name": "Can add reservation",
            "content_type": 13,
            "codename": "add_reservation"
        }
    },
    {
        "model": "auth.permission",
        "pk": 50,
        "fields": {
            "name": "Can change reservation",
            "content_type": 13,
            "codename": "change_reservation"
        }
    },
    {
        "model": "auth.permission",
        "pk": 51,
        "fields": {
            "name": "Can delete reservation",
            "content_type": 13,
            "codename": "delete_reservation"
        }
    },
    {
        "model": "auth.permission",
        "pk": 52,
        "fields": {
            "name": "Can view reservation",
            "content_type": 13,
            "codename": "view_reservation"
        }
    },
    {
        "model": "contenttypes.contenttype",
        "pk": 1,
        "fields": {
            "app_label": "admin",
            "model": "logentry"
        }
    },
    {
        "model": "contenttypes.contenttype",
        "pk": 2,
        "fields": {
            "app_label": "auth",
            "model": "permission"
        }
    },
    {
        "model": "contenttypes.contenttype",
        "pk": 3,
        "fields": {
            "app_label": "auth",
            "model": "group"
        }
    },
    {
        "model": "contenttypes.contenttype",
        "pk": 4,
        "fields": {
            "app_label": "contenttypes",
            "model": "contenttype"
        }
    },
    {
        "model": "contenttypes.contenttype",
        "pk": 5,
        "fields": {
            "app_label": "sessions",
            "model": "session"
        }
    },
    {
        "model": "contenttypes.contenttype",
        "pk": 6,
        "fields": {
            "app_label": "property",
            "model": "property"
        }
    },
    {
        "model": "contenttypes.contenttype",
        "pk": 7,
        "fields": {
            "app_label": "property",
            "model": "propertyimages"
        }
    },
    {
        "model": "contenttypes.contenttype",
        "pk": 8,
        "fields": {
            "app_label": "property",
            "model": "propertyamenities"
        }
    },
    {
        "model": "contenttypes.contenttype",
        "pk": 9,
        "fields": {
            "app_label": "accounts",
            "model": "restifyuser"
        }
    },
    {
        "model": "contenttypes.contenttype",
        "pk": 10,
        "fields": {
            "app_label": "comments",
            "model": "comment"
        }
    },
    {
        "model": "contenttypes.contenttype",
        "pk": 11,
        "fields": {
            "app_label": "notifications",
            "model": "notification"
        }
    },
    {
        "model": "contenttypes.contenttype",
        "pk": 12,
        "fields": {
            "app_label": "ratings",
            "model": "rating"
        }
    },
    {
        "model": "contenttypes.contenttype",
        "pk": 13,
        "fields": {
            "app_label": "reservation",
            "model": "reservation"
        }
    },
    {
        "model": "sessions.session",
        "pk": "0fb01h4ofe7kqgl95tmk8tpyrvaxlfyu",
        "fields": {
            "session_data": ".eJxVjDsOwjAQBe_iGlksZv2hpM8ZorV3jQPIluKkQtwdIqWA9s3Me6mR1qWMa5d5nFhdFKjD7xYpPaRugO9Ub02nVpd5inpT9E67HhrL87q7fweFevnWjogdn20ARAYUIW_AgRcJzjvMLotnz_EEBowN-YjJIJGhnK2wzer9AeWZOFA:1pmyPW:yuwB_e9QIaAKbBNi6g2y7K9K-1zNd6UgCcB-zW5g9FM",
            "expire_date": "2023-04-27T14:58:54.047Z"
        }
    },
    {
        "model": "sessions.session",
        "pk": "dmamuokaomyykvfxnqenraoqhsefhknz",
        "fields": {
            "session_data": ".eJxVjDsOwjAQBe_iGllee_2jpM8ZrLXX4ACKpXwqxN0hUgpo38y8l0i0rS1tS53TyOIsQJx-t0zlUacd8J2mW5elT-s8Zrkr8qCLHDrX5-Vw_w4aLe1bu8jZXA0VB-x09E5ZAB-8JVSaLXIkROW1DzpEyBYNABNhQIpZIYj3B7MDNko:1pbjW2:3adILpJ7JMy7mxsQ2LC_aG5JaE9gwXmGztYEL1iv7D4",
            "expire_date": "2023-03-27T14:51:10.713Z"
        }
    },
    {
        "model": "sessions.session",
        "pk": "dzuvdnt6mhosq0n7hg84nbag6qlr5ti9",
        "fields": {
            "session_data": ".eJxVjDsOwjAQBe_iGllee_2jpM8ZrLXX4ACKpXwqxN0hUgpo38y8l0i0rS1tS53TyOIsQJx-t0zlUacd8J2mW5elT-s8Zrkr8qCLHDrX5-Vw_w4aLe1bu8jZXA0VB-x09E5ZAB-8JVSaLXIkROW1DzpEyBYNABNhQIpZIYj3B7MDNko:1pcrno:XsIfkrMP50XgAG7hHlbPRTgvDaua1xmioHTXVmwJEvY",
            "expire_date": "2023-03-30T17:54:12.862Z"
        }
    },
    {
        "model": "sessions.session",
        "pk": "hconbnnxeomuot53hvvymtq8h5y4y35h",
        "fields": {
            "session_data": ".eJxVjDsOwjAQBe_iGllee_2jpM8ZrLXX4ACKpXwqxN0hUgpo38y8l0i0rS1tS53TyOIsQJx-t0zlUacd8J2mW5elT-s8Zrkr8qCLHDrX5-Vw_w4aLe1bu8jZXA0VB-x09E5ZAB-8JVSaLXIkROW1DzpEyBYNABNhQIpZIYj3B7MDNko:1pcHpw:VwdekVGsX2FMySMZNoz1McsCiIqgOzsjLkqkg_cyOqs",
            "expire_date": "2023-03-29T03:30:00.513Z"
        }
    },
    {
        "model": "sessions.session",
        "pk": "myuq4a5mfunqxp3b85p8v9vkvyavktm6",
        "fields": {
            "session_data": ".eJxVjDsOwjAQBe_iGllee_2jpM8ZrLXX4ACKpXwqxN0hUgpo38y8l0i0rS1tS53TyOIsQJx-t0zlUacd8J2mW5elT-s8Zrkr8qCLHDrX5-Vw_w4aLe1bu8jZXA0VB-x09E5ZAB-8JVSaLXIkROW1DzpEyBYNABNhQIpZIYj3B7MDNko:1pbqSW:GDoztxiS78mDWJgmG8yD4wRBj6z1Aka_EcmlQXExUyA",
            "expire_date": "2023-03-27T22:16:00.659Z"
        }
    },
    {
        "model": "property.property",
        "pk": 1,
        "fields": {
            "name": "Test Property 1",
            "address": "Test Address 1",
            "city": "Toronto",
            "country": "Canada",
            "num_bedrooms": 5,
            "num_bathrooms": 3,
            "num_guests": 4,
            "description": "Test Description",
            "price": 50.0,
            "owner": 2
        }
    },
    {
        "model": "property.property",
        "pk": 2,
        "fields": {
            "name": "Test Property 2",
            "address": "Test Address 2",
            "city": "Waterloo",
            "country": "Canada",
            "num_bedrooms": 2,
            "num_bathrooms": 2,
            "num_guests": 2,
            "description": "Test Description",
            "price": 150.25,
            "owner": 2
        }
    },
    {
        "model": "property.property",
        "pk": 3,
        "fields": {
            "name": "Test Property 3",
            "address": "Test Address 3",
            "city": "London",
            "country": "Canada",
            "num_bedrooms": 1,
            "num_bathrooms": 5,
            "num_guests": 1,
            "description": "Test Description",
            "price": 125.0,
            "owner": 3
        }
    },
    {
        "model": "property.property",
        "pk": 4,
        "fields": {
            "name": "Test Property 4",
            "address": "Test Address 4",
            "city": "Vancouver",
            "country": "Canada",
            "num_bedrooms": 1,
            "num_bathrooms": 1,
            "num_guests": 1,
            "description": "Test Description",
            "price": 99.99,
            "owner": 3
        }
    },
    {
        "model": "property.property",
        "pk": 5,
        "fields": {
            "name": "Test Property 5",
            "address": "Test Address 5",
            "city": "Montreal",
            "country": "Canada",
            "num_bedrooms": 5,
            "num_bathrooms": 5,
            "num_guests": 20,
            "description": "Test Description",
            "price": 500.0,
            "owner": 3
        }
    },
    {
        "model": "property.property",
        "pk": 6,
        "fields": {
            "name": "Test Property 6",
            "address": "Test Address 6",
            "city": "Toronto",
            "country": "Canada",
            "num_bedrooms": 3,
            "num_bathrooms": 2,
            "num_guests": 5,
            "description": "Test Description",
            "price": 575.0,
            "owner": 4
        }
    },
    {
        "model": "property.property",
        "pk": 7,
        "fields": {
            "name": "Test Property 7",
            "address": "Test Address 7",
            "city": "Calgary",
            "country": "Canada",
            "num_bedrooms": 2,
            "num_bathrooms": 2,
            "num_guests": 5,
            "description": "Test Description",
            "price": 230.0,
            "owner": 4
        }
    },
    {
        "model": "property.property",
        "pk": 8,
        "fields": {
            "name": "Test Property 8",
            "address": "Test Address 8",
            "city": "Edmonton",
            "country": "Canada",
            "num_bedrooms": 3,
            "num_bathrooms": 2,
            "num_guests": 6,
            "description": "Test Description",
            "price": 30.0,
            "owner": 9
        }
    },
    {
        "model": "property.property",
        "pk": 9,
        "fields": {
            "name": "Test Property 9",
            "address": "Test Address 9",
            "city": "Edmonton",
            "country": "Canada",
            "num_bedrooms": 1,
            "num_bathrooms": 1,
            "num_guests": 2,
            "description": "Test Description",
            "price": 45.99,
            "owner": 9
        }
    },
    {
        "model": "property.property",
        "pk": 10,
        "fields": {
            "name": "Test Property 10",
            "address": "Test Address 10",
            "city": "Edmonton",
            "country": "Canada",
            "num_bedrooms": 3,
            "num_bathrooms": 3,
            "num_guests": 4,
            "description": "Test Description",
            "price": 369.0,
            "owner": 8
        }
    },
    {
        "model": "property.property",
        "pk": 11,
        "fields": {
            "name": "Test Property 11",
            "address": "Test Address 11",
            "city": "Toronto",
            "country": "Canada",
            "num_bedrooms": 2,
            "num_bathrooms": 3,
            "num_guests": 4,
            "description": "Test Description",
            "price": 258.0,
            "owner": 8
        }
    },
    {
        "model": "property.property",
        "pk": 12,
        "fields": {
            "name": "Test Property 12",
            "address": "Test Address 12",
            "city": "Montreal",
            "country": "Canada",
            "num_bedrooms": 2,
            "num_bathrooms": 3,
            "num_guests": 4,
            "description": "Test Description",
            "price": 375.0,
            "owner": 8
        }
    },
    {
        "model": "property.property",
        "pk": 13,
        "fields": {
            "name": "Test Property 13",
            "address": "Test Address 13",
            "city": "London",
            "country": "Canada",
            "num_bedrooms": 5,
            "num_bathrooms": 3,
            "num_guests": 10,
            "description": "Test Description",
            "price": 300.0,
            "owner": 6
        }
    },
    {
        "model": "property.property",
        "pk": 14,
        "fields": {
            "name": "Test Property 14",
            "address": "Test Address 14",
            "city": "Toronto",
            "country": "Canada",
            "num_bedrooms": 3,
            "num_bathrooms": 3,
            "num_guests": 8,
            "description": "Test Description",
            "price": 350.0,
            "owner": 6
        }
    },
    {
        "model": "property.property",
        "pk": 15,
        "fields": {
            "name": "Test Property 15",
            "address": "Test Address 15",
            "city": "Toronto",
            "country": "Canada",
            "num_bedrooms": 4,
            "num_bathrooms": 3,
            "num_guests": 6,
            "description": "Test Description",
            "price": 458.0,
            "owner": 6
        }
    },
    {
        "model": "property.propertyamenities",
        "pk": 1,
        "fields": {
            "amenity": "Pool",
            "property": 1
        }
    },
    {
        "model": "property.propertyamenities",
        "pk": 2,
        "fields": {
            "amenity": "Air Conditioning",
            "property": 1
        }
    },
    {
        "model": "property.propertyamenities",
        "pk": 3,
        "fields": {
            "amenity": "Free Parking",
            "property": 2
        }
    },
    {
        "model": "property.propertyamenities",
        "pk": 4,
        "fields": {
            "amenity": "Fireplace",
            "property": 2
        }
    },
    {
        "model": "property.propertyamenities",
        "pk": 5,
        "fields": {
            "amenity": "Heating",
            "property": 2
        }
    },
    {
        "model": "property.propertyamenities",
        "pk": 6,
        "fields": {
            "amenity": "Wi-Fi",
            "property": 3
        }
    },
    {
        "model": "property.propertyamenities",
        "pk": 7,
        "fields": {
            "amenity": "Washer and Dryer",
            "property": 3
        }
    },
    {
        "model": "property.propertyamenities",
        "pk": 8,
        "fields": {
            "amenity": "Pool",
            "property": 4
        }
    },
    {
        "model": "property.propertyamenities",
        "pk": 9,
        "fields": {
            "amenity": "Wi-Fi",
            "property": 4
        }
    },
    {
        "model": "property.propertyamenities",
        "pk": 10,
        "fields": {
            "amenity": "Washer and Dryer",
            "property": 4
        }
    },
    {
        "model": "property.propertyamenities",
        "pk": 11,
        "fields": {
            "amenity": "Pets Allowed",
            "property": 5
        }
    },
    {
        "model": "property.propertyamenities",
        "pk": 12,
        "fields": {
            "amenity": "Equipped Kitchen",
            "property": 5
        }
    },
    {
        "model": "property.propertyamenities",
        "pk": 13,
        "fields": {
            "amenity": "Wi-Fi",
            "property": 6
        }
    },
    {
        "model": "property.propertyamenities",
        "pk": 14,
        "fields": {
            "amenity": "Equipped Kitchen",
            "property": 7
        }
    },
    {
        "model": "property.propertyamenities",
        "pk": 15,
        "fields": {
            "amenity": "Pool",
            "property": 9
        }
    },
    {
        "model": "property.propertyamenities",
        "pk": 16,
        "fields": {
            "amenity": "Jacuzzi",
            "property": 9
        }
    },
    {
        "model": "property.propertyamenities",
        "pk": 17,
        "fields": {
            "amenity": "Free Parking",
            "property": 10
        }
    },
    {
        "model": "property.propertyamenities",
        "pk": 18,
        "fields": {
            "amenity": "Pets Allowed",
            "property": 10
        }
    },
    {
        "model": "property.propertyamenities",
        "pk": 19,
        "fields": {
            "amenity": "Pool",
            "property": 11
        }
    },
    {
        "model": "property.propertyamenities",
        "pk": 20,
        "fields": {
            "amenity": "Pool",
            "property": 12
        }
    },
    {
        "model": "property.propertyamenities",
        "pk": 21,
        "fields": {
            "amenity": "Washer and Dryer",
            "property": 13
        }
    },
    {
        "model": "property.propertyamenities",
        "pk": 22,
        "fields": {
            "amenity": "Pets Allowed",
            "property": 12
        }
    },
    {
        "model": "property.propertyamenities",
        "pk": 23,
        "fields": {
            "amenity": "Wi-Fi",
            "property": 13
        }
    },
    {
        "model": "property.propertyamenities",
        "pk": 24,
        "fields": {
            "amenity": "Pets Allowed",
            "property": 13
        }
    },
    {
        "model": "property.propertyamenities",
        "pk": 25,
        "fields": {
            "amenity": "Fireplace",
            "property": 13
        }
    },
    {
        "model": "property.propertyamenities",
        "pk": 26,
        "fields": {
            "amenity": "Equipped Kitchen",
            "property": 14
        }
    },
    {
        "model": "property.propertyamenities",
        "pk": 27,
        "fields": {
            "amenity": "Air Conditioning",
            "property": 15
        }
    },
    {
        "model": "property.propertyamenities",
        "pk": 28,
        "fields": {
            "amenity": "Heating",
            "property": 15
        }
    },
    {
        "model": "property.propertyimages",
        "pk": 1,
        "fields": {
            "image": "property_images/property_1/1_frontal.jpg",
            "property": 1
        }
    },
    {
        "model": "property.propertyimages",
        "pk": 2,
        "fields": {
            "image": "property_images/property_1/1_bedroom.jpg",
            "property": 1
        }
    },
    {
        "model": "property.propertyimages",
        "pk": 3,
        "fields": {
            "image": "property_images/property_2/2_bathroom.jpg",
            "property": 2
        }
    },
    {
        "model": "property.propertyimages",
        "pk": 4,
        "fields": {
            "image": "property_images/property_2/2_bedroom.jpg",
            "property": 2
        }
    },
    {
        "model": "property.propertyimages",
        "pk": 5,
        "fields": {
            "image": "property_images/property_3/3_bathroom.jpg",
            "property": 3
        }
    },
    {
        "model": "property.propertyimages",
        "pk": 6,
        "fields": {
            "image": "property_images/property_4/4_bathroom.jpg",
            "property": 4
        }
    },
    {
        "model": "property.propertyimages",
        "pk": 7,
        "fields": {
            "image": "property_images/property_4/4_frontal.jpg",
            "property": 4
        }
    },
    {
        "model": "property.propertyimages",
        "pk": 8,
        "fields": {
            "image": "property_images/property_5/5_bedroom.jpg",
            "property": 5
        }
    },
    {
        "model": "property.propertyimages",
        "pk": 9,
        "fields": {
            "image": "property_images/property_6/6_bedroom.jpg",
            "property": 6
        }
    },
    {
        "model": "property.propertyimages",
        "pk": 10,
        "fields": {
            "image": "property_images/property_7/7_bedroom.jpg",
            "property": 7
        }
    },
    {
        "model": "property.propertyimages",
        "pk": 11,
        "fields": {
            "image": "property_images/property_7/7_frontal.jpg",
            "property": 7
        }
    },
    {
        "model": "property.propertyimages",
        "pk": 12,
        "fields": {
            "image": "property_images/property_7/7_kitchen.jpg",
            "property": 7
        }
    },
    {
        "model": "property.propertyimages",
        "pk": 13,
        "fields": {
            "image": "property_images/property_8/8_frontal.jpg",
            "property": 8
        }
    },
    {
        "model": "property.propertyimages",
        "pk": 14,
        "fields": {
            "image": "property_images/property_9/9_bedroom.jpg",
            "property": 9
        }
    },
    {
        "model": "property.propertyimages",
        "pk": 15,
        "fields": {
            "image": "property_images/property_10/10_bathroom.jpg",
            "property": 10
        }
    },
    {
        "model": "property.propertyimages",
        "pk": 16,
        "fields": {
            "image": "property_images/property_10/10_kitchen.jpg",
            "property": 10
        }
    },
    {
        "model": "property.propertyimages",
        "pk": 17,
        "fields": {
            "image": "property_images/property_11/11_bathroom.jpg",
            "property": 11
        }
    },
    {
        "model": "property.propertyimages",
        "pk": 18,
        "fields": {
            "image": "property_images/property_12/12_frontal.jpg",
            "property": 12
        }
    },
    {
        "model": "property.propertyimages",
        "pk": 19,
        "fields": {
            "image": "property_images/property_13/13_bathroom.jpg",
            "property": 13
        }
    },
    {
        "model": "property.propertyimages",
        "pk": 20,
        "fields": {
            "image": "property_images/property_14/14_bathroom.jpg",
            "property": 14
        }
    },
    {
        "model": "property.propertyimages",
        "pk": 21,
        "fields": {
            "image": "property_images/property_15/15_kitchen.jpg",
            "property": 15
        }
    },
    {
        "model": "property.propertyimages",
        "pk": 22,
        "fields": {
            "image": "property_images/property_1/1_kitchen.jpg",
            "property": 1
        }
    },
    {
        "model": "property.propertyimages",
        "pk": 23,
        "fields": {
            "image": "property_images/property_2/2_kitchen.jpg",
            "property": 2
        }
    },
    {
        "model": "property.propertyimages",
        "pk": 24,
        "fields": {
            "image": "property_images/property_3/3_bedroom.jpg",
            "property": 3
        }
    },
    {
        "model": "property.propertyimages",
        "pk": 25,
        "fields": {
            "image": "property_images/property_3/3_kitchen.jpg",
            "property": 3
        }
    },
    {
        "model": "property.propertyimages",
        "pk": 26,
        "fields": {
            "image": "property_images/property_4/4_bedroom.jpg",
            "property": 4
        }
    },
    {
        "model": "property.propertyimages",
        "pk": 27,
        "fields": {
            "image": "property_images/property_5/5_bathroom.jpeg",
            "property": 5
        }
    },
    {
        "model": "property.propertyimages",
        "pk": 28,
        "fields": {
            "image": "property_images/property_5/5_kitchen.jpg",
            "property": 5
        }
    },
    {
        "model": "property.propertyimages",
        "pk": 29,
        "fields": {
            "image": "property_images/property_6/6_bathroom.jpg",
            "property": 6
        }
    },
    {
        "model": "property.propertyimages",
        "pk": 30,
        "fields": {
            "image": "property_images/property_6/6_kitchen.jpg",
            "property": 6
        }
    },
    {
        "model": "property.propertyimages",
        "pk": 31,
        "fields": {
            "image": "property_images/property_8/8_bathroom.jpg",
            "property": 8
        }
    },
    {
        "model": "property.propertyimages",
        "pk": 32,
        "fields": {
            "image": "property_images/property_8/8_bedroom.jpg",
            "property": 8
        }
    },
    {
        "model": "property.propertyimages",
        "pk": 33,
        "fields": {
            "image": "property_images/property_9/9_bathroom.jpg",
            "property": 9
        }
    },
    {
        "model": "property.propertyimages",
        "pk": 34,
        "fields": {
            "image": "property_images/property_9/9_kitchen.jpeg",
            "property": 9
        }
    },
    {
        "model": "property.propertyimages",
        "pk": 35,
        "fields": {
            "image": "property_images/property_10/10_bedroom.jpg",
            "property": 10
        }
    },
    {
        "model": "property.propertyimages",
        "pk": 36,
        "fields": {
            "image": "property_images/property_11/11_bedroom.jpeg",
            "property": 11
        }
    },
    {
        "model": "property.propertyimages",
        "pk": 37,
        "fields": {
            "image": "property_images/property_11/11_kitchen.jpg",
            "property": 11
        }
    },
    {
        "model": "property.propertyimages",
        "pk": 38,
        "fields": {
            "image": "property_images/property_12/12_bathroom.jpg",
            "property": 12
        }
    },
    {
        "model": "property.propertyimages",
        "pk": 39,
        "fields": {
            "image": "property_images/property_12/12_bedroom.jpg",
            "property": 12
        }
    },
    {
        "model": "property.propertyimages",
        "pk": 40,
        "fields": {
            "image": "property_images/property_13/13_bedroom.jpg",
            "property": 13
        }
    },
    {
        "model": "property.propertyimages",
        "pk": 41,
        "fields": {
            "image": "property_images/property_13/13_kitchen.jpg",
            "property": 13
        }
    },
    {
        "model": "property.propertyimages",
        "pk": 42,
        "fields": {
            "image": "property_images/property_14/14_bedroom.jpeg",
            "property": 14
        }
    },
    {
        "model": "property.propertyimages",
        "pk": 43,
        "fields": {
            "image": "property_images/property_14/14_kitchen.jpg",
            "property": 14
        }
    },
    {
        "model": "property.propertyimages",
        "pk": 44,
        "fields": {
            "image": "property_images/property_15/15_bathroom.jpg",
            "property": 15
        }
    },
    {
        "model": "property.propertyimages",
        "pk": 45,
        "fields": {
            "image": "property_images/property_15/15_bedroom.jpg",
            "property": 15
        }
    },
    {
        "model": "accounts.restifyuser",
        "pk": 1,
        "fields": {
            "last_login": "2023-04-13T14:58:53.988Z",
            "is_superuser": true,
            "username": "admin",
            "email": "",
            "tel": "",
            "first_name": "",
            "last_name": "",
            "password": "pbkdf2_sha256$600000$jebHO8IfuZqBfqFItPvHPP$hbgTes/7SOLd5VITRE5JJM8OuUG/FFeQ9WL7cGPXfbs=",
            "photo": "media/property_images/1_bathroom.jpg",
            "user_permissions": null,
            "groups": null,
            "date_joined": "2023-03-13T14:50:38.167Z",
            "is_admin": false,
            "is_active": true,
            "is_staff": true
        }
    },
    {
        "model": "accounts.restifyuser",
        "pk": 2,
        "fields": {
            "last_login": null,
            "is_superuser": false,
            "username": "Jane",
            "email": "jane@utoronto.ca",
            "tel": "647-111-4444",
            "first_name": "Jane",
            "last_name": "Doe",
            "password": "pbkdf2_sha256$390000$BI6fgTLHXEnAUaDK2cRZyV$lT7N0OKkv+VCDcSstBUYKqzTcyY4/zSUbV0AL0kHLHc=",
            "photo": "prof_pics/sample-profile-photo.jpg",
            "user_permissions": null,
            "groups": null,
            "date_joined": "2023-03-13T14:54:27.677Z",
            "is_admin": false,
            "is_active": true,
            "is_staff": false
        }
    },
    {
        "model": "accounts.restifyuser",
        "pk": 3,
        "fields": {
            "last_login": null,
            "is_superuser": false,
            "username": "John",
            "email": "john@utoronto.ca",
            "tel": "647-111-4444",
            "first_name": "John",
            "last_name": "Doe",
            "password": "pbkdf2_sha256$390000$HYpnRf4JeZnvWoTXcYA1P9$Q87s9Bd1Ebqt2hxBDWGMoWKDj+CcdWIctKADymQMPog=",
            "photo": "prof_pics/sample-profile-photo.jpg",
            "user_permissions": null,
            "groups": null,
            "date_joined": "2023-03-13T14:58:20.764Z",
            "is_admin": false,
            "is_active": true,
            "is_staff": false
        }
    },
    {
        "model": "accounts.restifyuser",
        "pk": 4,
        "fields": {
            "last_login": null,
            "is_superuser": false,
            "username": "Melissa",
            "email": "melissa@utoronto.ca",
            "tel": "647-111-4444",
            "first_name": "Melissa",
            "last_name": "Smith",
            "password": "pbkdf2_sha256$390000$HYpnRf4JeZnvWoTXcYA1P9$Q87s9Bd1Ebqt2hxBDWGMoWKDj+CcdWIctKADymQMPog=",
            "photo": "prof_pics/sample-profile-photo.jpg",
            "user_permissions": null,
            "groups": null,
            "date_joined": "2023-03-13T14:58:20.764Z",
            "is_admin": false,
            "is_active": true,
            "is_staff": false
        }
    },
    {
        "model": "accounts.restifyuser",
        "pk": 5,
        "fields": {
            "last_login": null,
            "is_superuser": false,
            "username": "Bob",
            "email": "bob@utoronto.ca",
            "tel": "647-111-4444",
            "first_name": "Bob",
            "last_name": "Builder",
            "password": "pbkdf2_sha256$390000$HYpnRf4JeZnvWoTXcYA1P9$Q87s9Bd1Ebqt2hxBDWGMoWKDj+CcdWIctKADymQMPog=",
            "photo": "prof_pics/sample-profile-photo.jpg",
            "user_permissions": null,
            "groups": null,
            "date_joined": "2023-03-13T14:58:20.764Z",
            "is_admin": false,
            "is_active": true,
            "is_staff": false
        }
    },
    {
        "model": "accounts.restifyuser",
        "pk": 6,
        "fields": {
            "last_login": null,
            "is_superuser": false,
            "username": "BestUser",
            "email": "justin@utoronto.ca",
            "tel": "647-111-4444",
            "first_name": "Justin",
            "last_name": "Swift",
            "password": "pbkdf2_sha256$390000$HYpnRf4JeZnvWoTXcYA1P9$Q87s9Bd1Ebqt2hxBDWGMoWKDj+CcdWIctKADymQMPog=",
            "photo": "prof_pics/sample-profile-photo.jpg",
            "user_permissions": null,
            "groups": null,
            "date_joined": "2023-03-13T14:58:20.764Z",
            "is_admin": false,
            "is_active": true,
            "is_staff": false
        }
    },
    {
        "model": "accounts.restifyuser",
        "pk": 7,
        "fields": {
            "last_login": null,
            "is_superuser": false,
            "username": "Oliver",
            "email": "oliver@utoronto.ca",
            "tel": "647-111-4444",
            "first_name": "Oliver",
            "last_name": "Tree",
            "password": "pbkdf2_sha256$390000$HYpnRf4JeZnvWoTXcYA1P9$Q87s9Bd1Ebqt2hxBDWGMoWKDj+CcdWIctKADymQMPog=",
            "photo": "prof_pics/sample-profile-photo.jpg",
            "user_permissions": null,
            "groups": null,
            "date_joined": "2023-03-13T14:58:20.764Z",
            "is_admin": false,
            "is_active": true,
            "is_staff": false
        }
    },
    {
        "model": "accounts.restifyuser",
        "pk": 8,
        "fields": {
            "last_login": null,
            "is_superuser": false,
            "username": "Harry",
            "email": "harry@utoronto.ca",
            "tel": "647-111-4444",
            "first_name": "Harry",
            "last_name": "Styles",
            "password": "pbkdf2_sha256$390000$HYpnRf4JeZnvWoTXcYA1P9$Q87s9Bd1Ebqt2hxBDWGMoWKDj+CcdWIctKADymQMPog=",
            "photo": "prof_pics/sample-profile-photo.jpg",
            "user_permissions": null,
            "groups": null,
            "date_joined": "2023-03-13T14:58:20.764Z",
            "is_admin": false,
            "is_active": true,
            "is_staff": false
        }
    },
    {
        "model": "accounts.restifyuser",
        "pk": 9,
        "fields": {
            "last_login": null,
            "is_superuser": false,
            "username": "Pickle",
            "email": "amanda@utoronto.ca",
            "tel": "647-111-4444",
            "first_name": "Amanda",
            "last_name": "Quinn",
            "password": "pbkdf2_sha256$390000$HYpnRf4JeZnvWoTXcYA1P9$Q87s9Bd1Ebqt2hxBDWGMoWKDj+CcdWIctKADymQMPog=",
            "photo": "prof_pics/sample-profile-photo.jpg",
            "user_permissions": null,
            "groups": null,
            "date_joined": "2023-03-13T14:58:20.764Z",
            "is_admin": false,
            "is_active": true,
            "is_staff": false
        }
    },
    {
        "model": "comments.comment",
        "pk": 1,
        "fields": {
            "reservation": 1,
            "commenter": 3,
            "receiver_type": 6,
            "receiver_id": 1,
            "comment": "Great location!",
            "date_time": "2023-03-11T19:46:37Z",
            "rating": 4
        }
    },
    {
        "model": "comments.comment",
        "pk": 2,
        "fields": {
            "reservation": 3,
            "commenter": 3,
            "receiver_type": 6,
            "receiver_id": 1,
            "comment": "Loved it once again!",
            "date_time": "2023-03-15T04:46:17Z",
            "rating": 5
        }
    },
    {
        "model": "comments.comment",
        "pk": 3,
        "fields": {
            "reservation": 13,
            "commenter": 5,
            "receiver_type": 6,
            "receiver_id": 2,
            "comment": "This place sucks",
            "date_time": "2023-03-15T04:47:36Z",
            "rating": 1
        }
    },
    {
        "model": "comments.comment",
        "pk": 4,
        "fields": {
            "reservation": 27,
            "commenter": 9,
            "receiver_type": 6,
            "receiver_id": 2,
            "comment": "No comment, this is bad",
            "date_time": "2023-03-15T04:48:07Z",
            "rating": 2
        }
    },
    {
        "model": "comments.comment",
        "pk": 5,
        "fields": {
            "reservation": 14,
            "commenter": 7,
            "receiver_type": 6,
            "receiver_id": 3,
            "comment": "Not bad",
            "date_time": "2023-03-15T04:48:24Z",
            "rating": 3
        }
    },
    {
        "model": "comments.comment",
        "pk": 6,
        "fields": {
            "reservation": 15,
            "commenter": 9,
            "receiver_type": 6,
            "receiver_id": 4,
            "comment": "Some comment here",
            "date_time": "2023-03-15T04:49:25Z",
            "rating": 4
        }
    },
    {
        "model": "comments.comment",
        "pk": 7,
        "fields": {
            "reservation": 16,
            "commenter": 5,
            "receiver_type": 6,
            "receiver_id": 5,
            "comment": "Good!",
            "date_time": "2023-03-15T04:49:58Z",
            "rating": 2
        }
    },
    {
        "model": "comments.comment",
        "pk": 8,
        "fields": {
            "reservation": 25,
            "commenter": 8,
            "receiver_type": 6,
            "receiver_id": 6,
            "comment": "Loved it!",
            "date_time": "2023-03-15T04:50:18Z",
            "rating": null
        }
    },
    {
        "model": "comments.comment",
        "pk": 9,
        "fields": {
            "reservation": 26,
            "commenter": 2,
            "receiver_type": 6,
            "receiver_id": 8,
            "comment": "It was alright",
            "date_time": "2023-03-15T04:50:38Z",
            "rating": 3
        }
    },
    {
        "model": "comments.comment",
        "pk": 10,
        "fields": {
            "reservation": 19,
            "commenter": 2,
            "receiver_type": 6,
            "receiver_id": 10,
            "comment": "Loved staying at this place",
            "date_time": "2023-03-15T04:51:00Z",
            "rating": 5
        }
    },
    {
        "model": "comments.comment",
        "pk": 11,
        "fields": {
            "reservation": 20,
            "commenter": 9,
            "receiver_type": 6,
            "receiver_id": 12,
            "comment": "I'm tired",
            "date_time": "2023-03-15T04:51:19Z",
            "rating": 1
        }
    },
    {
        "model": "comments.comment",
        "pk": 12,
        "fields": {
            "reservation": 28,
            "commenter": 7,
            "receiver_type": 6,
            "receiver_id": 14,
            "comment": "AMAZING PROPERTY!!!",
            "date_time": "2023-03-15T04:51:41Z",
            "rating": 4
        }
    },
    {
        "model": "comments.comment",
        "pk": 13,
        "fields": {
            "reservation": 29,
            "commenter": 5,
            "receiver_type": 6,
            "receiver_id": 14,
            "comment": "Simply the best!",
            "date_time": "2023-03-15T04:51:56Z",
            "rating": 5
        }
    },
    {
        "model": "comments.comment",
        "pk": 14,
        "fields": {
            "reservation": 30,
            "commenter": 4,
            "receiver_type": 6,
            "receiver_id": 14,
            "comment": "The bed was comfortable",
            "date_time": "2023-03-15T04:52:27Z",
            "rating": 5
        }
    },
    {
        "model": "comments.comment",
        "pk": 15,
        "fields": {
            "reservation": 36,
            "commenter": 3,
            "receiver_type": 6,
            "receiver_id": 1,
            "comment": "asdf",
            "date_time": "2023-03-16T18:40:46.988Z",
            "rating": null
        }
    },
    {
        "model": "comments.comment",
        "pk": 16,
        "fields": {
            "reservation": 37,
            "commenter": 3,
            "receiver_type": 6,
            "receiver_id": 1,
            "comment": "asdffds",
            "date_time": "2023-03-16T18:41:20.954Z",
            "rating": null
        }
    },
    {
        "model": "comments.comment",
        "pk": 17,
        "fields": {
            "reservation": 38,
            "commenter": 3,
            "receiver_type": 6,
            "receiver_id": 1,
            "comment": "ohohohohoh",
            "date_time": "2023-03-16T18:41:49.308Z",
            "rating": null
        }
    },
    {
        "model": "comments.comment",
        "pk": 18,
        "fields": {
            "reservation": 39,
            "commenter": 3,
            "receiver_type": 6,
            "receiver_id": 1,
            "comment": "asdf",
            "date_time": "2023-03-16T18:42:24.993Z",
            "rating": null
        }
    },
    {
        "model": "comments.comment",
        "pk": 19,
        "fields": {
            "reservation": 40,
            "commenter": 3,
            "receiver_type": 6,
            "receiver_id": 1,
            "comment": "asdf",
            "date_time": "2023-03-16T18:42:45.546Z",
            "rating": null
        }
    },
    {
        "model": "comments.comment",
        "pk": 20,
        "fields": {
            "reservation": 1,
            "commenter": 3,
            "receiver_type": 6,
            "receiver_id": 1,
            "comment": "sasdf",
            "date_time": "2023-03-16T18:43:10.029Z",
            "rating": null
        }
    },
    {
        "model": "comments.comment",
        "pk": 21,
        "fields": {
            "reservation": 42,
            "commenter": 3,
            "receiver_type": 6,
            "receiver_id": 1,
            "comment": "sadfsdf",
            "date_time": "2023-03-16T18:43:58.979Z",
            "rating": null
        }
    },
    {
        "model": "comments.comment",
        "pk": 22,
        "fields": {
            "reservation": 1,
            "commenter": 3,
            "receiver_type": 6,
            "receiver_id": 1,
            "comment": "asdf",
            "date_time": "2023-03-16T18:44:24.334Z",
            "rating": null
        }
    },
    {
        "model": "comments.comment",
        "pk": 23,
        "fields": {
            "reservation": 44,
            "commenter": 3,
            "receiver_type": 6,
            "receiver_id": 1,
            "comment": "sadf",
            "date_time": "2023-03-16T18:44:57.480Z",
            "rating": null
        }
    },
    {
        "model": "comments.comment",
        "pk": 24,
        "fields": {
            "reservation": 44,
            "commenter": 2,
            "receiver_type": 10,
            "receiver_id": 23,
            "comment": "asdf",
            "date_time": "2023-03-16T18:46:47.739Z",
            "rating": null
        }
    },
    {
        "model": "comments.comment",
        "pk": 25,
        "fields": {
            "reservation": 44,
            "commenter": 3,
            "receiver_type": 10,
            "receiver_id": 23,
            "comment": "asdf",
            "date_time": "2023-03-16T18:47:24.095Z",
            "rating": null
        }
    },
    {
        "model": "comments.comment",
        "pk": 26,
        "fields": {
            "reservation": 44,
            "commenter": 2,
            "receiver_type": 10,
            "receiver_id": 25,
            "comment": "sdfaasdfdsf",
            "date_time": "2023-03-16T18:47:40.038Z",
            "rating": null
        }
    },
    {
        "model": "comments.comment",
        "pk": 27,
        "fields": {
            "reservation": 44,
            "commenter": 2,
            "receiver_type": 10,
            "receiver_id": 23,
            "comment": "asdf",
            "date_time": "2023-03-16T18:48:39.721Z",
            "rating": null
        }
    },
    {
        "model": "comments.comment",
        "pk": 28,
        "fields": {
            "reservation": 3,
            "commenter": 2,
            "receiver_type": 9,
            "receiver_id": 3,
            "comment": "asdf",
            "date_time": "2023-03-16T19:07:00.187Z",
            "rating": null
        }
    },
    {
        "model": "comments.comment",
        "pk": 29,
        "fields": {
            "reservation": 33,
            "commenter": 2,
            "receiver_type": 6,
            "receiver_id": 8,
            "comment": "asdfs",
            "date_time": "2023-03-16T19:22:23.227Z",
            "rating": null
        }
    },
    {
        "model": "comments.comment",
        "pk": 30,
        "fields": {
            "reservation": 1,
            "commenter": 2,
            "receiver_type": 9,
            "receiver_id": 2,
            "comment": "testing a comment",
            "date_time": "2023-04-13T15:03:41.663Z",
            "rating": null
        }
    },
    {
        "model": "comments.comment",
        "pk": 31,
        "fields": {
            "reservation": 36,
            "commenter": 2,
            "receiver_type": 9,
            "receiver_id": 2,
            "comment": "testing a comment again",
            "date_time": "2023-04-13T15:03:52.606Z",
            "rating": null
        }
    },
    {
        "model": "notifications.notification",
        "pk": 1,
        "fields": {
            "receiver": 2,
            "reservation": 1,
            "notification_type": "RR",
            "date_time": "2023-03-16T18:26:49.702Z"
        }
    },
    {
        "model": "notifications.notification",
        "pk": 2,
        "fields": {
            "receiver": 2,
            "reservation": 1,
            "notification_type": "CR",
            "date_time": "2023-03-16T18:26:54.296Z"
        }
    },
    {
        "model": "notifications.notification",
        "pk": 3,
        "fields": {
            "receiver": 2,
            "reservation": 31,
            "notification_type": "RA",
            "date_time": "2023-03-16T18:26:59.350Z"
        }
    },
    {
        "model": "notifications.notification",
        "pk": 4,
        "fields": {
            "receiver": 2,
            "reservation": 31,
            "notification_type": "CA",
            "date_time": "2023-03-16T18:27:03.235Z"
        }
    },
    {
        "model": "notifications.notification",
        "pk": 5,
        "fields": {
            "receiver": 2,
            "reservation": 1,
            "notification_type": "RR",
            "date_time": "2023-03-16T18:27:06.639Z"
        }
    },
    {
        "model": "notifications.notification",
        "pk": 6,
        "fields": {
            "receiver": 2,
            "reservation": 1,
            "notification_type": "RR",
            "date_time": "2023-03-16T18:27:11.523Z"
        }
    },
    {
        "model": "notifications.notification",
        "pk": 7,
        "fields": {
            "receiver": 2,
            "reservation": 1,
            "notification_type": "RR",
            "date_time": "2023-03-16T18:27:15.189Z"
        }
    },
    {
        "model": "notifications.notification",
        "pk": 8,
        "fields": {
            "receiver": 2,
            "reservation": 1,
            "notification_type": "RR",
            "date_time": "2023-03-16T18:27:18.380Z"
        }
    },
    {
        "model": "notifications.notification",
        "pk": 9,
        "fields": {
            "receiver": 2,
            "reservation": 1,
            "notification_type": "CR",
            "date_time": "2023-03-16T18:27:21.948Z"
        }
    },
    {
        "model": "notifications.notification",
        "pk": 10,
        "fields": {
            "receiver": 2,
            "reservation": 31,
            "notification_type": "RA",
            "date_time": "2023-03-16T18:27:25.486Z"
        }
    },
    {
        "model": "notifications.notification",
        "pk": 11,
        "fields": {
            "receiver": 2,
            "reservation": 1,
            "notification_type": "CR",
            "date_time": "2023-03-16T18:27:28.888Z"
        }
    },
    {
        "model": "notifications.notification",
        "pk": 12,
        "fields": {
            "receiver": 2,
            "reservation": 31,
            "notification_type": "RA",
            "date_time": "2023-03-16T18:27:32.559Z"
        }
    },
    {
        "model": "notifications.notification",
        "pk": 13,
        "fields": {
            "receiver": 2,
            "reservation": 31,
            "notification_type": "CA",
            "date_time": "2023-03-16T18:27:35.980Z"
        }
    },
    {
        "model": "notifications.notification",
        "pk": 14,
        "fields": {
            "receiver": 9,
            "reservation": 34,
            "notification_type": "RR",
            "date_time": "2023-03-16T18:29:21.380Z"
        }
    },
    {
        "model": "notifications.notification",
        "pk": 15,
        "fields": {
            "receiver": 9,
            "reservation": 27,
            "notification_type": "RA",
            "date_time": "2023-03-16T18:29:33.009Z"
        }
    },
    {
        "model": "ratings.rating",
        "pk": 1,
        "fields": {
            "reservation": 1,
            "rater": 3,
            "rating": 4,
            "receiver_type": 6,
            "receiver_id": 1
        }
    },
    {
        "model": "ratings.rating",
        "pk": 2,
        "fields": {
            "reservation": 3,
            "rater": 3,
            "rating": 5,
            "receiver_type": 6,
            "receiver_id": 1
        }
    },
    {
        "model": "ratings.rating",
        "pk": 3,
        "fields": {
            "reservation": 13,
            "rater": 5,
            "rating": 1,
            "receiver_type": 6,
            "receiver_id": 2
        }
    },
    {
        "model": "ratings.rating",
        "pk": 4,
        "fields": {
            "reservation": 27,
            "rater": 9,
            "rating": 2,
            "receiver_type": 6,
            "receiver_id": 2
        }
    },
    {
        "model": "ratings.rating",
        "pk": 5,
        "fields": {
            "reservation": 14,
            "rater": 7,
            "rating": 3,
            "receiver_type": 6,
            "receiver_id": 3
        }
    },
    {
        "model": "ratings.rating",
        "pk": 6,
        "fields": {
            "reservation": 15,
            "rater": 9,
            "rating": 4,
            "receiver_type": 6,
            "receiver_id": 4
        }
    },
    {
        "model": "ratings.rating",
        "pk": 7,
        "fields": {
            "reservation": 16,
            "rater": 5,
            "rating": 2,
            "receiver_type": 6,
            "receiver_id": 5
        }
    },
    {
        "model": "ratings.rating",
        "pk": 8,
        "fields": {
            "reservation": 26,
            "rater": 2,
            "rating": 3,
            "receiver_type": 6,
            "receiver_id": 8
        }
    },
    {
        "model": "ratings.rating",
        "pk": 9,
        "fields": {
            "reservation": 19,
            "rater": 2,
            "rating": 5,
            "receiver_type": 6,
            "receiver_id": 10
        }
    },
    {
        "model": "ratings.rating",
        "pk": 10,
        "fields": {
            "reservation": 20,
            "rater": 9,
            "rating": 1,
            "receiver_type": 6,
            "receiver_id": 12
        }
    },
    {
        "model": "ratings.rating",
        "pk": 11,
        "fields": {
            "reservation": 28,
            "rater": 7,
            "rating": 4,
            "receiver_type": 6,
            "receiver_id": 14
        }
    },
    {
        "model": "ratings.rating",
        "pk": 12,
        "fields": {
            "reservation": 29,
            "rater": 5,
            "rating": 5,
            "receiver_type": 6,
            "receiver_id": 14
        }
    },
    {
        "model": "ratings.rating",
        "pk": 13,
        "fields": {
            "reservation": 30,
            "rater": 4,
            "rating": 5,
            "receiver_type": 6,
            "receiver_id": 14
        }
    },
    {
        "model": "ratings.rating",
        "pk": 14,
        "fields": {
            "reservation": 1,
            "rater": 2,
            "rating": 3,
            "receiver_type": 9,
            "receiver_id": 3
        }
    },
    {
        "model": "reservation.reservation",
        "pk": 1,
        "fields": {
            "status": "CO",
            "guest": 3,
            "property": 1,
            "price": 150.25,
            "start_date": "2023-03-05",
            "end_date": "2023-03-11",
            "date_submitted": "2023-03-13"
        }
    },
    {
        "model": "reservation.reservation",
        "pk": 2,
        "fields": {
            "status": "P",
            "guest": 4,
            "property": 1,
            "price": 150.25,
            "start_date": "2023-04-15",
            "end_date": "2023-04-29",
            "date_submitted": "2023-03-13"
        }
    },
    {
        "model": "reservation.reservation",
        "pk": 3,
        "fields": {
            "status": "CO",
            "guest": 3,
            "property": 1,
            "price": 123.0,
            "start_date": "2023-03-01",
            "end_date": "2023-03-02",
            "date_submitted": "2023-03-13"
        }
    },
    {
        "model": "reservation.reservation",
        "pk": 4,
        "fields": {
            "status": "T",
            "guest": 5,
            "property": 1,
            "price": 10.0,
            "start_date": "2023-02-01",
            "end_date": "2023-02-02",
            "date_submitted": "2023-03-13"
        }
    },
    {
        "model": "reservation.reservation",
        "pk": 5,
        "fields": {
            "status": "E",
            "guest": 7,
            "property": 1,
            "price": 124.0,
            "start_date": "2022-12-01",
            "end_date": "2022-12-09",
            "date_submitted": "2023-03-13"
        }
    },
    {
        "model": "reservation.reservation",
        "pk": 6,
        "fields": {
            "status": "CA",
            "guest": 6,
            "property": 1,
            "price": 123.0,
            "start_date": "2023-01-23",
            "end_date": "2023-01-17",
            "date_submitted": "2023-03-13"
        }
    },
    {
        "model": "reservation.reservation",
        "pk": 7,
        "fields": {
            "status": "CP",
            "guest": 8,
            "property": 1,
            "price": 124.0,
            "start_date": "2023-06-15",
            "end_date": "2023-06-17",
            "date_submitted": "2023-03-13"
        }
    },
    {
        "model": "reservation.reservation",
        "pk": 8,
        "fields": {
            "status": "A",
            "guest": 3,
            "property": 1,
            "price": 125.0,
            "start_date": "2023-07-03",
            "end_date": "2023-07-12",
            "date_submitted": "2023-03-13"
        }
    },
    {
        "model": "reservation.reservation",
        "pk": 9,
        "fields": {
            "status": "D",
            "guest": 9,
            "property": 1,
            "price": 125.0,
            "start_date": "2023-03-01",
            "end_date": "2023-03-05",
            "date_submitted": "2023-03-13"
        }
    },
    {
        "model": "reservation.reservation",
        "pk": 10,
        "fields": {
            "status": "P",
            "guest": 7,
            "property": 2,
            "price": 234.0,
            "start_date": "2023-04-24",
            "end_date": "2023-04-28",
            "date_submitted": "2023-03-13"
        }
    },
    {
        "model": "reservation.reservation",
        "pk": 11,
        "fields": {
            "status": "A",
            "guest": 6,
            "property": 2,
            "price": 353.0,
            "start_date": "2023-05-15",
            "end_date": "2023-05-19",
            "date_submitted": "2023-03-13"
        }
    },
    {
        "model": "reservation.reservation",
        "pk": 12,
        "fields": {
            "status": "D",
            "guest": 4,
            "property": 2,
            "price": 253.0,
            "start_date": "2023-03-01",
            "end_date": "2023-03-02",
            "date_submitted": "2023-03-13"
        }
    },
    {
        "model": "reservation.reservation",
        "pk": 13,
        "fields": {
            "status": "CO",
            "guest": 5,
            "property": 2,
            "price": 352.0,
            "start_date": "2023-02-08",
            "end_date": "2023-02-10",
            "date_submitted": "2023-03-13"
        }
    },
    {
        "model": "reservation.reservation",
        "pk": 14,
        "fields": {
            "status": "CO",
            "guest": 7,
            "property": 3,
            "price": 124.0,
            "start_date": "2023-03-01",
            "end_date": "2023-03-16",
            "date_submitted": "2023-03-13"
        }
    },
    {
        "model": "reservation.reservation",
        "pk": 15,
        "fields": {
            "status": "CO",
            "guest": 9,
            "property": 4,
            "price": 232.0,
            "start_date": "2023-02-01",
            "end_date": "2023-02-16",
            "date_submitted": "2023-03-13"
        }
    },
    {
        "model": "reservation.reservation",
        "pk": 16,
        "fields": {
            "status": "CO",
            "guest": 5,
            "property": 5,
            "price": 231.0,
            "start_date": "2023-02-01",
            "end_date": "2023-02-06",
            "date_submitted": "2023-03-13"
        }
    },
    {
        "model": "reservation.reservation",
        "pk": 17,
        "fields": {
            "status": "CP",
            "guest": 6,
            "property": 6,
            "price": 231.0,
            "start_date": "2023-06-19",
            "end_date": "2023-06-23",
            "date_submitted": "2023-03-13"
        }
    },
    {
        "model": "reservation.reservation",
        "pk": 18,
        "fields": {
            "status": "P",
            "guest": 3,
            "property": 7,
            "price": 123.0,
            "start_date": "2023-03-06",
            "end_date": "2023-03-31",
            "date_submitted": "2023-03-13"
        }
    },
    {
        "model": "reservation.reservation",
        "pk": 19,
        "fields": {
            "status": "CO",
            "guest": 2,
            "property": 10,
            "price": 123.0,
            "start_date": "2022-10-03",
            "end_date": "2022-11-01",
            "date_submitted": "2023-03-13"
        }
    },
    {
        "model": "reservation.reservation",
        "pk": 20,
        "fields": {
            "status": "CO",
            "guest": 9,
            "property": 12,
            "price": 123.0,
            "start_date": "2022-11-02",
            "end_date": "2022-11-03",
            "date_submitted": "2023-03-13"
        }
    },
    {
        "model": "reservation.reservation",
        "pk": 21,
        "fields": {
            "status": "E",
            "guest": 4,
            "property": 12,
            "price": 241.0,
            "start_date": "2022-01-01",
            "end_date": "2022-01-02",
            "date_submitted": "2023-03-13"
        }
    },
    {
        "model": "reservation.reservation",
        "pk": 22,
        "fields": {
            "status": "P",
            "guest": 3,
            "property": 12,
            "price": 123.0,
            "start_date": "2022-04-04",
            "end_date": "2022-04-05",
            "date_submitted": "2023-03-13"
        }
    },
    {
        "model": "reservation.reservation",
        "pk": 23,
        "fields": {
            "status": "P",
            "guest": 3,
            "property": 10,
            "price": 123.0,
            "start_date": "2023-03-01",
            "end_date": "2023-03-02",
            "date_submitted": "2023-03-13"
        }
    },
    {
        "model": "reservation.reservation",
        "pk": 24,
        "fields": {
            "status": "A",
            "guest": 3,
            "property": 9,
            "price": 123.0,
            "start_date": "2024-01-02",
            "end_date": "2024-01-23",
            "date_submitted": "2023-03-13"
        }
    },
    {
        "model": "reservation.reservation",
        "pk": 25,
        "fields": {
            "status": "CO",
            "guest": 8,
            "property": 6,
            "price": 10.0,
            "start_date": "2023-01-01",
            "end_date": "2023-01-10",
            "date_submitted": "2022-12-15"
        }
    },
    {
        "model": "reservation.reservation",
        "pk": 26,
        "fields": {
            "status": "CO",
            "guest": 2,
            "property": 8,
            "price": 123.0,
            "start_date": "2020-10-06",
            "end_date": "2020-10-16",
            "date_submitted": "2020-10-01"
        }
    },
    {
        "model": "reservation.reservation",
        "pk": 27,
        "fields": {
            "status": "CO",
            "guest": 9,
            "property": 2,
            "price": 156.0,
            "start_date": "2020-09-21",
            "end_date": "2020-09-25",
            "date_submitted": "2020-09-01"
        }
    },
    {
        "model": "reservation.reservation",
        "pk": 28,
        "fields": {
            "status": "CO",
            "guest": 7,
            "property": 14,
            "price": 125.0,
            "start_date": "2023-01-16",
            "end_date": "2023-01-20",
            "date_submitted": "2023-01-10"
        }
    },
    {
        "model": "reservation.reservation",
        "pk": 29,
        "fields": {
            "status": "CO",
            "guest": 5,
            "property": 14,
            "price": 50.0,
            "start_date": "2022-08-15",
            "end_date": "2022-08-31",
            "date_submitted": "2022-08-03"
        }
    },
    {
        "model": "reservation.reservation",
        "pk": 30,
        "fields": {
            "status": "CO",
            "guest": 4,
            "property": 14,
            "price": 100.0,
            "start_date": "2022-03-01",
            "end_date": "2022-03-15",
            "date_submitted": "2022-02-01"
        }
    },
    {
        "model": "reservation.reservation",
        "pk": 31,
        "fields": {
            "status": "A",
            "guest": 2,
            "property": 4,
            "price": 123.0,
            "start_date": "2023-03-29",
            "end_date": "2023-03-31",
            "date_submitted": "2023-03-16"
        }
    },
    {
        "model": "reservation.reservation",
        "pk": 32,
        "fields": {
            "status": "CP",
            "guest": 4,
            "property": 1,
            "price": 123.0,
            "start_date": "2024-03-29",
            "end_date": "2024-03-31",
            "date_submitted": "2023-03-16"
        }
    },
    {
        "model": "reservation.reservation",
        "pk": 33,
        "fields": {
            "status": "CO",
            "guest": 2,
            "property": 8,
            "price": 1.0,
            "start_date": "2023-03-01",
            "end_date": "2023-03-16",
            "date_submitted": "2023-03-16"
        }
    },
    {
        "model": "reservation.reservation",
        "pk": 34,
        "fields": {
            "status": "CO",
            "guest": 2,
            "property": 8,
            "price": 3.0,
            "start_date": "2023-02-01",
            "end_date": "2023-02-09",
            "date_submitted": "2023-03-16"
        }
    },
    {
        "model": "reservation.reservation",
        "pk": 35,
        "fields": {
            "status": "CO",
            "guest": 7,
            "property": 1,
            "price": 4.0,
            "start_date": "2023-03-09",
            "end_date": "2023-03-16",
            "date_submitted": "2023-03-16"
        }
    },
    {
        "model": "reservation.reservation",
        "pk": 36,
        "fields": {
            "status": "CO",
            "guest": 3,
            "property": 1,
            "price": 1.0,
            "start_date": "2023-03-16",
            "end_date": "2023-03-16",
            "date_submitted": "2023-03-16"
        }
    },
    {
        "model": "reservation.reservation",
        "pk": 37,
        "fields": {
            "status": "T",
            "guest": 3,
            "property": 1,
            "price": 1.0,
            "start_date": "2023-03-16",
            "end_date": "2023-03-16",
            "date_submitted": "2023-03-16"
        }
    },
    {
        "model": "reservation.reservation",
        "pk": 38,
        "fields": {
            "status": "CO",
            "guest": 3,
            "property": 1,
            "price": 1.0,
            "start_date": "2023-03-16",
            "end_date": "2023-03-16",
            "date_submitted": "2023-03-16"
        }
    },
    {
        "model": "reservation.reservation",
        "pk": 39,
        "fields": {
            "status": "CO",
            "guest": 3,
            "property": 1,
            "price": 1.0,
            "start_date": "2023-03-16",
            "end_date": "2023-03-16",
            "date_submitted": "2023-03-16"
        }
    },
    {
        "model": "reservation.reservation",
        "pk": 40,
        "fields": {
            "status": "CO",
            "guest": 3,
            "property": 1,
            "price": 1.0,
            "start_date": "2023-03-16",
            "end_date": "2023-03-16",
            "date_submitted": "2023-03-16"
        }
    },
    {
        "model": "reservation.reservation",
        "pk": 41,
        "fields": {
            "status": "CO",
            "guest": 3,
            "property": 1,
            "price": 1.0,
            "start_date": "2023-03-16",
            "end_date": "2023-03-16",
            "date_submitted": "2023-03-16"
        }
    },
    {
        "model": "reservation.reservation",
        "pk": 42,
        "fields": {
            "status": "T",
            "guest": 3,
            "property": 1,
            "price": 1.0,
            "start_date": "2023-03-16",
            "end_date": "2023-03-16",
            "date_submitted": "2023-03-16"
        }
    },
    {
        "model": "reservation.reservation",
        "pk": 43,
        "fields": {
            "status": "CO",
            "guest": 3,
            "property": 1,
            "price": 1.0,
            "start_date": "2023-03-16",
            "end_date": "2023-03-16",
            "date_submitted": "2023-03-16"
        }
    },
    {
        "model": "reservation.reservation",
        "pk": 44,
        "fields": {
            "status": "CO",
            "guest": 3,
            "property": 1,
            "price": 1.0,
            "start_date": "2023-03-16",
            "end_date": "2023-03-16",
            "date_submitted": "2023-03-16"
        }
    }
]